cluster_alias,number_of_cells,label
0,34,CS202210140_494
1,220,CS202210140_495
2,187,CS202210140_496
3,246,CS202210140_497
4,188,CS202210140_498
5,79,CS202210140_499
6,66,CS202210140_500
7,220,CS202210140_501
8,87,CS202210140_502
9,6351,CS202210140_503
10,11013,CS202210140_504
11,54161,CS202210140_505
12,14487,CS202210140_506
13,17377,CS202210140_507
14,25922,CS202210140_508
15,1132,CS202210140_509
16,1353,CS202210140_510
17,728,CS202210140_511
18,1007,CS202210140_512
19,839,CS202210140_513
20,1465,CS202210140_514
21,42,CS202210140_515
22,421,CS202210140_516
23,195,CS202210140_517
24,112,CS202210140_518
25,133,CS202210140_519
26,95,CS202210140_520
27,342,CS202210140_521
28,214,CS202210140_522
29,354,CS202210140_523
30,37,CS202210140_524
31,126,CS202210140_525
32,40,CS202210140_526
33,97,CS202210140_527
34,87,CS202210140_528
35,47,CS202210140_529
36,78,CS202210140_530
37,90,CS202210140_531
38,135,CS202210140_532
39,90,CS202210140_533
40,15,CS202210140_534
41,312,CS202210140_535
42,883,CS202210140_536
43,3770,CS202210140_537
44,122,CS202210140_538
45,577,CS202210140_539
46,200,CS202210140_540
47,577,CS202210140_541
48,67,CS202210140_542
49,52,CS202210140_543
50,88,CS202210140_544
51,66,CS202210140_545
52,91,CS202210140_546
53,30,CS202210140_547
54,80,CS202210140_548
55,1825,CS202210140_549
56,313,CS202210140_550
57,56,CS202210140_551
58,50,CS202210140_552
59,44,CS202210140_553
60,66,CS202210140_554
61,80,CS202210140_555
62,748,CS202210140_556
63,176,CS202210140_557
64,525,CS202210140_558
65,400,CS202210140_559
66,331,CS202210140_560
67,444,CS202210140_561
68,579,CS202210140_562
69,907,CS202210140_563
70,772,CS202210140_564
71,538,CS202210140_565
72,1081,CS202210140_566
73,484,CS202210140_567
74,794,CS202210140_568
75,32,CS202210140_569
76,509,CS202210140_570
77,509,CS202210140_571
78,1187,CS202210140_572
79,360,CS202210140_573
80,1235,CS202210140_574
81,2225,CS202210140_575
82,800,CS202210140_576
83,714,CS202210140_577
84,504,CS202210140_578
85,2616,CS202210140_579
86,814,CS202210140_580
87,445,CS202210140_581
88,3509,CS202210140_582
89,141,CS202210140_583
90,2215,CS202210140_584
91,1288,CS202210140_585
92,575,CS202210140_586
93,96,CS202210140_587
94,1577,CS202210140_588
95,656,CS202210140_589
96,476,CS202210140_590
97,1329,CS202210140_591
98,196,CS202210140_592
99,7424,CS202210140_593
100,209,CS202210140_594
101,20,CS202210140_595
102,944,CS202210140_596
103,283,CS202210140_597
104,627,CS202210140_598
105,1282,CS202210140_599
106,677,CS202210140_600
107,1190,CS202210140_601
108,3801,CS202210140_602
109,53,CS202210140_603
110,485,CS202210140_604
111,61,CS202210140_605
112,621,CS202210140_606
113,982,CS202210140_607
114,558,CS202210140_608
115,1092,CS202210140_609
116,267,CS202210140_610
117,784,CS202210140_611
118,514,CS202210140_612
119,579,CS202210140_613
120,465,CS202210140_614
121,386,CS202210140_615
122,134,CS202210140_616
123,13606,CS202210140_617
124,1542,CS202210140_618
125,248,CS202210140_619
126,92,CS202210140_620
127,120,CS202210140_621
128,106,CS202210140_622
129,66,CS202210140_623
130,157,CS202210140_624
131,55,CS202210140_625
132,108,CS202210140_626
133,124,CS202210140_627
134,44,CS202210140_628
135,72,CS202210140_629
136,107,CS202210140_630
137,279,CS202210140_631
138,233,CS202210140_632
139,109,CS202210140_633
140,82,CS202210140_634
141,265,CS202210140_635
142,109,CS202210140_636
143,10,CS202210140_637
144,372,CS202210140_638
145,229,CS202210140_639
146,176,CS202210140_640
147,400,CS202210140_641
148,262,CS202210140_642
149,264,CS202210140_643
150,176,CS202210140_644
151,180,CS202210140_645
152,99,CS202210140_646
153,3510,CS202210140_647
154,3076,CS202210140_648
155,125,CS202210140_649
156,66,CS202210140_650
157,564,CS202210140_651
158,952,CS202210140_652
159,1004,CS202210140_653
160,500,CS202210140_654
161,32,CS202210140_655
162,38,CS202210140_656
163,79,CS202210140_657
164,798,CS202210140_658
165,830,CS202210140_659
166,4595,CS202210140_660
167,93,CS202210140_661
168,897,CS202210140_662
169,319,CS202210140_663
170,1033,CS202210140_664
171,1588,CS202210140_665
172,1074,CS202210140_666
173,1402,CS202210140_667
174,81,CS202210140_668
175,128,CS202210140_669
176,759,CS202210140_670
177,118,CS202210140_671
178,370,CS202210140_672
179,212,CS202210140_673
180,159,CS202210140_674
181,317,CS202210140_675
182,303,CS202210140_676
183,237,CS202210140_677
184,419,CS202210140_678
185,150,CS202210140_679
186,139,CS202210140_680
187,103,CS202210140_681
188,306,CS202210140_682
189,181,CS202210140_683
190,43,CS202210140_684
191,358,CS202210140_685
192,251,CS202210140_686
193,350,CS202210140_687
194,264,CS202210140_688
195,384,CS202210140_689
196,85,CS202210140_690
197,190,CS202210140_691
198,487,CS202210140_692
199,634,CS202210140_693
200,371,CS202210140_694
201,405,CS202210140_695
202,644,CS202210140_696
203,994,CS202210140_697
204,89,CS202210140_698
205,1121,CS202210140_699
206,1144,CS202210140_700
207,797,CS202210140_701
208,861,CS202210140_702
209,553,CS202210140_703
210,678,CS202210140_704
211,755,CS202210140_705
212,637,CS202210140_706
213,722,CS202210140_707
214,779,CS202210140_708
215,237,CS202210140_709
216,627,CS202210140_710
217,669,CS202210140_711
218,1104,CS202210140_712
219,425,CS202210140_713
220,931,CS202210140_714
221,675,CS202210140_715
222,841,CS202210140_716
223,1726,CS202210140_717
224,1791,CS202210140_718
225,1821,CS202210140_719
226,1403,CS202210140_720
227,1414,CS202210140_721
228,2278,CS202210140_722
229,1776,CS202210140_723
230,174,CS202210140_724
231,170,CS202210140_725
232,245,CS202210140_726
233,184,CS202210140_727
234,202,CS202210140_728
235,274,CS202210140_729
236,121,CS202210140_730
237,178,CS202210140_731
238,272,CS202210140_732
239,70,CS202210140_733
240,206,CS202210140_734
241,117,CS202210140_735
242,138,CS202210140_736
243,149,CS202210140_737
244,116,CS202210140_738
245,244,CS202210140_739
246,140,CS202210140_740
247,314,CS202210140_741
248,358,CS202210140_742
249,164,CS202210140_743
250,412,CS202210140_744
251,123,CS202210140_745
252,261,CS202210140_746
253,228,CS202210140_747
254,203,CS202210140_748
255,234,CS202210140_749
256,322,CS202210140_750
257,1854,CS202210140_751
258,315,CS202210140_752
259,702,CS202210140_753
260,628,CS202210140_754
261,751,CS202210140_755
262,209,CS202210140_756
263,704,CS202210140_757
264,308,CS202210140_758
265,347,CS202210140_759
266,1287,CS202210140_760
267,604,CS202210140_761
268,1206,CS202210140_762
269,1454,CS202210140_763
270,1751,CS202210140_764
271,1246,CS202210140_765
272,2576,CS202210140_766
273,2252,CS202210140_767
274,1034,CS202210140_768
275,2024,CS202210140_769
276,767,CS202210140_770
277,533,CS202210140_771
278,1178,CS202210140_772
279,1752,CS202210140_773
280,7035,CS202210140_774
281,2570,CS202210140_775
282,1300,CS202210140_776
283,1007,CS202210140_777
284,2320,CS202210140_778
285,328,CS202210140_779
286,151,CS202210140_780
287,176,CS202210140_781
288,140,CS202210140_782
289,194,CS202210140_783
290,134,CS202210140_784
291,81,CS202210140_785
292,296,CS202210140_786
293,476,CS202210140_787
294,235,CS202210140_788
295,77,CS202210140_789
296,199,CS202210140_790
297,114,CS202210140_791
298,308,CS202210140_792
299,1001,CS202210140_793
300,103,CS202210140_794
301,2693,CS202210140_795
302,1351,CS202210140_796
303,2227,CS202210140_797
304,1762,CS202210140_798
305,3290,CS202210140_799
306,1836,CS202210140_800
307,2864,CS202210140_801
308,982,CS202210140_802
309,2432,CS202210140_803
310,3465,CS202210140_804
311,1750,CS202210140_805
312,1591,CS202210140_806
313,1621,CS202210140_807
314,1910,CS202210140_808
315,748,CS202210140_809
316,613,CS202210140_810
317,721,CS202210140_811
318,1044,CS202210140_812
319,614,CS202210140_813
320,700,CS202210140_814
321,572,CS202210140_815
322,1451,CS202210140_816
323,778,CS202210140_817
324,192,CS202210140_818
325,479,CS202210140_819
326,656,CS202210140_820
327,319,CS202210140_821
328,390,CS202210140_822
329,543,CS202210140_823
330,366,CS202210140_824
331,256,CS202210140_825
332,415,CS202210140_826
333,704,CS202210140_827
334,415,CS202210140_828
335,1098,CS202210140_829
336,831,CS202210140_830
337,1670,CS202210140_831
338,2065,CS202210140_832
339,1465,CS202210140_833
340,1605,CS202210140_834
341,3883,CS202210140_835
342,1794,CS202210140_836
343,1099,CS202210140_837
344,1938,CS202210140_838
345,318,CS202210140_839
346,427,CS202210140_840
347,1045,CS202210140_841
348,558,CS202210140_842
349,495,CS202210140_843
350,644,CS202210140_844
351,721,CS202210140_845
352,610,CS202210140_846
353,682,CS202210140_847
354,681,CS202210140_848
355,1109,CS202210140_849
356,1014,CS202210140_850
357,1235,CS202210140_851
358,1076,CS202210140_852
359,2090,CS202210140_853
360,409,CS202210140_854
361,749,CS202210140_855
362,2742,CS202210140_856
363,1191,CS202210140_857
364,435,CS202210140_858
365,27,CS202210140_859
366,572,CS202210140_860
367,956,CS202210140_861
368,701,CS202210140_862
369,414,CS202210140_863
370,536,CS202210140_864
371,135,CS202210140_865
372,1246,CS202210140_866
373,411,CS202210140_867
374,4056,CS202210140_868
375,1073,CS202210140_869
376,1215,CS202210140_870
377,325,CS202210140_871
378,474,CS202210140_872
379,1477,CS202210140_873
380,463,CS202210140_874
381,379,CS202210140_875
382,603,CS202210140_876
383,1708,CS202210140_877
384,412,CS202210140_878
385,1005,CS202210140_879
386,537,CS202210140_880
387,378,CS202210140_881
388,381,CS202210140_882
389,210,CS202210140_883
390,515,CS202210140_884
391,583,CS202210140_885
392,500,CS202210140_886
393,1777,CS202210140_887
394,1419,CS202210140_888
395,319,CS202210140_889
396,525,CS202210140_890
397,306,CS202210140_891
398,1383,CS202210140_892
399,1394,CS202210140_893
400,1078,CS202210140_894
401,2325,CS202210140_895
402,1089,CS202210140_896
403,1525,CS202210140_897
404,2294,CS202210140_898
405,1325,CS202210140_899
406,791,CS202210140_900
407,1060,CS202210140_901
408,6943,CS202210140_902
409,2450,CS202210140_903
410,1278,CS202210140_904
411,2861,CS202210140_905
412,2322,CS202210140_906
413,4276,CS202210140_907
414,1750,CS202210140_908
415,2574,CS202210140_909
416,1969,CS202210140_910
417,2096,CS202210140_911
418,2847,CS202210140_912
419,1262,CS202210140_913
420,544,CS202210140_914
421,1992,CS202210140_915
422,757,CS202210140_916
423,931,CS202210140_917
424,5656,CS202210140_918
425,1027,CS202210140_919
426,5390,CS202210140_920
427,2563,CS202210140_921
428,2139,CS202210140_922
429,14210,CS202210140_923
430,4232,CS202210140_924
431,3529,CS202210140_925
432,1163,CS202210140_926
433,11498,CS202210140_927
434,2315,CS202210140_928
435,66,CS202210140_929
436,234,CS202210140_930
437,3745,CS202210140_931
438,2410,CS202210140_932
439,57,CS202210140_933
440,3179,CS202210140_934
441,518,CS202210140_935
442,997,CS202210140_936
443,829,CS202210140_937
444,698,CS202210140_938
445,1960,CS202210140_939
446,735,CS202210140_940
447,2509,CS202210140_941
448,1286,CS202210140_942
449,433,CS202210140_943
450,4654,CS202210140_944
451,182,CS202210140_945
452,466,CS202210140_946
453,399,CS202210140_947
454,337,CS202210140_948
455,346,CS202210140_949
456,444,CS202210140_950
457,593,CS202210140_951
458,123,CS202210140_952
459,838,CS202210140_953
460,1082,CS202210140_954
461,670,CS202210140_955
462,1811,CS202210140_956
463,699,CS202210140_957
464,625,CS202210140_958
465,652,CS202210140_959
466,210,CS202210140_960
467,435,CS202210140_961
468,130,CS202210140_962
469,972,CS202210140_963
470,536,CS202210140_964
471,209,CS202210140_965
472,137,CS202210140_966
473,117,CS202210140_967
474,197,CS202210140_968
475,46,CS202210140_969
476,193,CS202210140_970
477,167,CS202210140_971
478,161,CS202210140_972
479,77,CS202210140_973
480,200,CS202210140_974
481,329,CS202210140_975
482,126,CS202210140_976
483,1693,CS202210140_977
484,768,CS202210140_978
485,1396,CS202210140_979
486,1118,CS202210140_980
487,1460,CS202210140_981
488,1060,CS202210140_982
489,717,CS202210140_983
490,1312,CS202210140_984
491,16,CS202210140_985
492,541,CS202210140_986
493,492,CS202210140_987
494,771,CS202210140_988
495,843,CS202210140_989
496,760,CS202210140_990
497,310,CS202210140_991
498,806,CS202210140_992
499,523,CS202210140_993
500,620,CS202210140_994
501,1370,CS202210140_995
502,1481,CS202210140_996
503,1375,CS202210140_997
504,1447,CS202210140_998
505,3344,CS202210140_999
506,1616,CS202210140_1000
507,1725,CS202210140_1001
508,2075,CS202210140_1002
509,1640,CS202210140_1003
510,1493,CS202210140_1004
511,861,CS202210140_1005
512,1002,CS202210140_1006
513,957,CS202210140_1007
514,4095,CS202210140_1008
515,2165,CS202210140_1009
516,2407,CS202210140_1010
517,2630,CS202210140_1011
518,1744,CS202210140_1012
519,3300,CS202210140_1013
520,1973,CS202210140_1014
521,776,CS202210140_1015
522,1161,CS202210140_1016
523,1806,CS202210140_1017
524,1017,CS202210140_1018
525,1260,CS202210140_1019
526,2027,CS202210140_1020
527,1782,CS202210140_1021
528,2007,CS202210140_1022
529,2286,CS202210140_1023
530,220,CS202210140_1024
531,2719,CS202210140_1025
532,819,CS202210140_1026
533,1769,CS202210140_1027
534,3440,CS202210140_1028
535,1940,CS202210140_1029
536,3386,CS202210140_1030
537,932,CS202210140_1031
538,2248,CS202210140_1032
539,817,CS202210140_1033
540,1502,CS202210140_1034
541,2710,CS202210140_1035
542,1811,CS202210140_1036
543,1791,CS202210140_1037
544,890,CS202210140_1038
545,428,CS202210140_1039
546,1042,CS202210140_1040
547,512,CS202210140_1041
548,903,CS202210140_1042
549,460,CS202210140_1043
550,813,CS202210140_1044
551,1097,CS202210140_1045
552,1194,CS202210140_1046
553,1500,CS202210140_1047
554,324,CS202210140_1048
555,836,CS202210140_1049
556,1525,CS202210140_1050
557,2953,CS202210140_1051
558,1546,CS202210140_1052
559,946,CS202210140_1053
560,556,CS202210140_1054
561,5984,CS202210140_1055
562,1604,CS202210140_1056
563,160,CS202210140_1057
564,221,CS202210140_1058
565,1017,CS202210140_1059
566,2043,CS202210140_1060
567,1729,CS202210140_1061
568,1529,CS202210140_1062
569,1892,CS202210140_1063
570,561,CS202210140_1064
571,913,CS202210140_1065
572,1091,CS202210140_1066
573,2212,CS202210140_1067
574,1807,CS202210140_1068
575,1318,CS202210140_1069
576,1895,CS202210140_1070
577,777,CS202210140_1071
578,1674,CS202210140_1072
579,1665,CS202210140_1073
580,342,CS202210140_1074
581,617,CS202210140_1075
582,801,CS202210140_1076
583,489,CS202210140_1077
584,523,CS202210140_1078
585,1001,CS202210140_1079
586,797,CS202210140_1080
587,536,CS202210140_1081
588,170,CS202210140_1082
589,271,CS202210140_1083
590,508,CS202210140_1084
591,573,CS202210140_1085
592,451,CS202210140_1086
593,431,CS202210140_1087
594,363,CS202210140_1088
595,607,CS202210140_1089
596,239,CS202210140_1090
597,39,CS202210140_1091
598,130,CS202210140_1092
599,368,CS202210140_1093
600,72,CS202210140_1094
601,570,CS202210140_1095
602,470,CS202210140_1096
603,525,CS202210140_1097
604,675,CS202210140_1098
605,134,CS202210140_1099
606,157,CS202210140_1100
607,308,CS202210140_1101
608,574,CS202210140_1102
609,623,CS202210140_1103
610,247,CS202210140_1104
611,413,CS202210140_1105
612,660,CS202210140_1106
613,578,CS202210140_1107
614,873,CS202210140_1108
615,621,CS202210140_1109
616,1066,CS202210140_1110
617,215,CS202210140_1111
618,104,CS202210140_1112
619,887,CS202210140_1113
620,818,CS202210140_1114
621,524,CS202210140_1115
622,129,CS202210140_1116
623,34,CS202210140_1117
624,213,CS202210140_1118
625,171,CS202210140_1119
626,312,CS202210140_1120
627,78,CS202210140_1121
628,146,CS202210140_1122
629,167,CS202210140_1123
630,98,CS202210140_1124
631,163,CS202210140_1125
632,323,CS202210140_1126
633,196,CS202210140_1127
634,280,CS202210140_1128
635,264,CS202210140_1129
636,441,CS202210140_1130
637,137,CS202210140_1131
638,250,CS202210140_1132
639,996,CS202210140_1133
640,2880,CS202210140_1134
641,820,CS202210140_1135
642,1244,CS202210140_1136
643,911,CS202210140_1137
644,76,CS202210140_1138
645,9,CS202210140_1139
646,165,CS202210140_1140
647,177,CS202210140_1141
648,201,CS202210140_1142
649,196,CS202210140_1143
650,145,CS202210140_1144
651,103,CS202210140_1145
652,364,CS202210140_1146
653,1041,CS202210140_1147
654,7692,CS202210140_1148
655,3529,CS202210140_1149
656,1533,CS202210140_1150
657,2406,CS202210140_1151
658,1786,CS202210140_1152
659,483,CS202210140_1153
660,512,CS202210140_1154
661,839,CS202210140_1155
662,2253,CS202210140_1156
663,1082,CS202210140_1157
664,2981,CS202210140_1158
665,542,CS202210140_1159
666,207,CS202210140_1160
667,403,CS202210140_1161
668,1643,CS202210140_1162
669,1086,CS202210140_1163
670,3159,CS202210140_1164
671,764,CS202210140_1165
672,1414,CS202210140_1166
673,1019,CS202210140_1167
674,1752,CS202210140_1168
675,2021,CS202210140_1169
676,1980,CS202210140_1170
677,1502,CS202210140_1171
678,885,CS202210140_1172
679,1610,CS202210140_1173
680,1178,CS202210140_1174
681,998,CS202210140_1175
682,1367,CS202210140_1176
683,146,CS202210140_1177
684,814,CS202210140_1178
685,933,CS202210140_1179
686,675,CS202210140_1180
687,1333,CS202210140_1181
688,782,CS202210140_1182
689,2534,CS202210140_1183
690,957,CS202210140_1184
691,8081,CS202210140_1185
692,2684,CS202210140_1186
693,2374,CS202210140_1187
694,1351,CS202210140_1188
695,8255,CS202210140_1189
696,5286,CS202210140_1190
697,3657,CS202210140_1191
698,1725,CS202210140_1192
699,4008,CS202210140_1193
700,1116,CS202210140_1194
701,6835,CS202210140_1195
702,9158,CS202210140_1196
703,3113,CS202210140_1197
704,2143,CS202210140_1198
705,3170,CS202210140_1199
706,821,CS202210140_1200
707,1782,CS202210140_1201
708,1563,CS202210140_1202
709,468,CS202210140_1203
710,7,CS202210140_1204
711,119,CS202210140_1205
712,205,CS202210140_1206
713,59,CS202210140_1207
714,59,CS202210140_1208
715,4,CS202210140_1209
716,19,CS202210140_1210
717,20,CS202210140_1211
718,2,CS202210140_1212
719,35,CS202210140_1213
720,1178,CS202210140_1214
721,336,CS202210140_1215
722,308,CS202210140_1216
723,335,CS202210140_1217
724,383,CS202210140_1218
725,212,CS202210140_1219
726,122,CS202210140_1220
727,73,CS202210140_1221
728,137,CS202210140_1222
729,107,CS202210140_1223
730,100,CS202210140_1224
731,173,CS202210140_1225
732,82,CS202210140_1226
733,115,CS202210140_1227
734,104,CS202210140_1228
735,98,CS202210140_1229
736,86,CS202210140_1230
737,95,CS202210140_1231
738,104,CS202210140_1232
739,173,CS202210140_1233
740,47,CS202210140_1234
741,70,CS202210140_1235
742,115,CS202210140_1236
743,69,CS202210140_1237
744,235,CS202210140_1238
745,167,CS202210140_1239
746,591,CS202210140_1240
747,59,CS202210140_1241
748,152,CS202210140_1242
749,56,CS202210140_1243
750,96,CS202210140_1244
751,123,CS202210140_1245
752,73,CS202210140_1246
753,64,CS202210140_1247
754,266,CS202210140_1248
755,288,CS202210140_1249
756,250,CS202210140_1250
757,215,CS202210140_1251
758,179,CS202210140_1252
759,149,CS202210140_1253
760,313,CS202210140_1254
761,196,CS202210140_1255
762,256,CS202210140_1256
763,73,CS202210140_1257
764,64,CS202210140_1258
765,51,CS202210140_1259
766,75,CS202210140_1260
767,25,CS202210140_1261
768,111,CS202210140_1262
769,482,CS202210140_1263
770,196,CS202210140_1264
771,191,CS202210140_1265
772,111,CS202210140_1266
773,246,CS202210140_1267
774,79,CS202210140_1268
775,253,CS202210140_1269
776,193,CS202210140_1270
777,353,CS202210140_1271
778,42,CS202210140_1272
779,74,CS202210140_1273
780,230,CS202210140_1274
781,62,CS202210140_1275
782,96,CS202210140_1276
783,219,CS202210140_1277
784,48,CS202210140_1278
785,238,CS202210140_1279
786,350,CS202210140_1280
787,583,CS202210140_1281
788,147,CS202210140_1282
789,204,CS202210140_1283
790,235,CS202210140_1284
791,144,CS202210140_1285
792,565,CS202210140_1286
793,171,CS202210140_1287
794,462,CS202210140_1288
795,1457,CS202210140_1289
796,2191,CS202210140_1290
797,2359,CS202210140_1291
798,5770,CS202210140_1292
799,1972,CS202210140_1293
800,415,CS202210140_1294
801,5558,CS202210140_1295
802,10326,CS202210140_1296
803,5454,CS202210140_1297
804,1603,CS202210140_1298
805,6396,CS202210140_1299
806,209,CS202210140_1300
807,2978,CS202210140_1301
808,828,CS202210140_1302
809,1052,CS202210140_1303
810,182,CS202210140_1304
811,30,CS202210140_1305
812,188,CS202210140_1306
813,450,CS202210140_1307
814,84,CS202210140_1308
815,313,CS202210140_1309
816,204,CS202210140_1310
817,231,CS202210140_1311
818,133,CS202210140_1312
819,121,CS202210140_1313
820,197,CS202210140_1314
821,154,CS202210140_1315
822,397,CS202210140_1316
823,66,CS202210140_1317
824,93,CS202210140_1318
825,267,CS202210140_1319
826,389,CS202210140_1320
827,89,CS202210140_1321
828,192,CS202210140_1322
829,233,CS202210140_1323
830,234,CS202210140_1324
831,102,CS202210140_1325
832,452,CS202210140_1326
833,219,CS202210140_1327
834,84,CS202210140_1328
835,194,CS202210140_1329
836,105,CS202210140_1330
837,86,CS202210140_1331
838,68,CS202210140_1332
839,139,CS202210140_1333
840,150,CS202210140_1334
841,102,CS202210140_1335
842,97,CS202210140_1336
843,604,CS202210140_1337
844,367,CS202210140_1338
845,24,CS202210140_1339
846,158,CS202210140_1340
847,110,CS202210140_1341
848,190,CS202210140_1342
849,180,CS202210140_1343
850,87,CS202210140_1344
851,177,CS202210140_1345
852,251,CS202210140_1346
853,67,CS202210140_1347
854,76,CS202210140_1348
855,51,CS202210140_1349
856,1337,CS202210140_1350
857,398,CS202210140_1351
858,262,CS202210140_1352
859,895,CS202210140_1353
860,577,CS202210140_1354
861,439,CS202210140_1355
862,447,CS202210140_1356
863,285,CS202210140_1357
864,138,CS202210140_1358
865,155,CS202210140_1359
866,276,CS202210140_1360
867,172,CS202210140_1361
868,213,CS202210140_1362
869,329,CS202210140_1363
870,22,CS202210140_1364
871,105,CS202210140_1365
872,122,CS202210140_1366
873,160,CS202210140_1367
874,138,CS202210140_1368
875,68,CS202210140_1369
876,58,CS202210140_1370
877,76,CS202210140_1371
878,57,CS202210140_1372
879,100,CS202210140_1373
880,119,CS202210140_1374
881,138,CS202210140_1375
882,45,CS202210140_1376
883,150,CS202210140_1377
884,78,CS202210140_1378
885,36,CS202210140_1379
886,156,CS202210140_1380
887,94,CS202210140_1381
888,75,CS202210140_1382
889,46,CS202210140_1383
890,36,CS202210140_1384
891,140,CS202210140_1385
892,191,CS202210140_1386
893,153,CS202210140_1387
894,54,CS202210140_1388
895,248,CS202210140_1389
896,268,CS202210140_1390
897,340,CS202210140_1391
898,209,CS202210140_1392
899,179,CS202210140_1393
900,152,CS202210140_1394
901,430,CS202210140_1395
902,136,CS202210140_1396
903,114,CS202210140_1397
904,117,CS202210140_1398
905,277,CS202210140_1399
906,352,CS202210140_1400
907,72,CS202210140_1401
908,169,CS202210140_1402
909,133,CS202210140_1403
910,149,CS202210140_1404
911,107,CS202210140_1405
912,114,CS202210140_1406
913,292,CS202210140_1407
914,123,CS202210140_1408
915,254,CS202210140_1409
916,108,CS202210140_1410
917,125,CS202210140_1411
918,74,CS202210140_1412
919,152,CS202210140_1413
920,29,CS202210140_1414
921,181,CS202210140_1415
922,186,CS202210140_1416
923,159,CS202210140_1417
924,70,CS202210140_1418
925,126,CS202210140_1419
926,98,CS202210140_1420
927,139,CS202210140_1421
928,137,CS202210140_1422
929,48,CS202210140_1423
930,45,CS202210140_1424
931,75,CS202210140_1425
932,35,CS202210140_1426
933,30,CS202210140_1427
934,64,CS202210140_1428
935,38,CS202210140_1429
936,152,CS202210140_1430
937,395,CS202210140_1431
938,251,CS202210140_1432
939,33,CS202210140_1433
940,53,CS202210140_1434
941,216,CS202210140_1435
942,267,CS202210140_1436
943,174,CS202210140_1437
944,132,CS202210140_1438
945,51,CS202210140_1439
946,191,CS202210140_1440
947,168,CS202210140_1441
948,261,CS202210140_1442
949,61,CS202210140_1443
950,59,CS202210140_1444
951,169,CS202210140_1445
952,166,CS202210140_1446
953,731,CS202210140_1447
954,405,CS202210140_1448
955,209,CS202210140_1449
956,201,CS202210140_1450
957,179,CS202210140_1451
958,337,CS202210140_1452
959,255,CS202210140_1453
960,166,CS202210140_1454
961,119,CS202210140_1455
962,49,CS202210140_1456
963,82,CS202210140_1457
964,106,CS202210140_1458
965,36,CS202210140_1459
966,86,CS202210140_1460
967,178,CS202210140_1461
968,131,CS202210140_1462
969,80,CS202210140_1463
970,152,CS202210140_1464
971,130,CS202210140_1465
972,36,CS202210140_1466
973,60,CS202210140_1467
974,35,CS202210140_1468
975,49,CS202210140_1469
976,36,CS202210140_1470
977,40,CS202210140_1471
978,72,CS202210140_1472
979,122,CS202210140_1473
980,122,CS202210140_1474
981,171,CS202210140_1475
982,197,CS202210140_1476
983,159,CS202210140_1477
984,194,CS202210140_1478
985,150,CS202210140_1479
986,307,CS202210140_1480
987,137,CS202210140_1481
988,102,CS202210140_1482
989,63,CS202210140_1483
990,60,CS202210140_1484
991,300,CS202210140_1485
992,129,CS202210140_1486
993,185,CS202210140_1487
994,388,CS202210140_1488
995,108,CS202210140_1489
996,346,CS202210140_1490
997,67,CS202210140_1491
998,378,CS202210140_1492
999,87,CS202210140_1493
1000,153,CS202210140_1494
1001,211,CS202210140_1495
1002,198,CS202210140_1496
1003,186,CS202210140_1497
1004,295,CS202210140_1498
1005,317,CS202210140_1499
1006,506,CS202210140_1500
1007,152,CS202210140_1501
1008,379,CS202210140_1502
1009,112,CS202210140_1503
1010,318,CS202210140_1504
1011,194,CS202210140_1505
1012,165,CS202210140_1506
1013,126,CS202210140_1507
1014,53,CS202210140_1508
1015,148,CS202210140_1509
1016,220,CS202210140_1510
1017,178,CS202210140_1511
1018,249,CS202210140_1512
1019,604,CS202210140_1513
1020,306,CS202210140_1514
1021,152,CS202210140_1515
1022,121,CS202210140_1516
1023,163,CS202210140_1517
1024,197,CS202210140_1518
1025,193,CS202210140_1519
1026,305,CS202210140_1520
1027,79,CS202210140_1521
1028,235,CS202210140_1522
1029,109,CS202210140_1523
1030,249,CS202210140_1524
1031,143,CS202210140_1525
1032,272,CS202210140_1526
1033,354,CS202210140_1527
1034,29,CS202210140_1528
1035,206,CS202210140_1529
1036,85,CS202210140_1530
1037,141,CS202210140_1531
1038,78,CS202210140_1532
1039,185,CS202210140_1533
1040,190,CS202210140_1534
1041,347,CS202210140_1535
1042,162,CS202210140_1536
1043,134,CS202210140_1537
1044,321,CS202210140_1538
1045,192,CS202210140_1539
1046,109,CS202210140_1540
1047,238,CS202210140_1541
1048,275,CS202210140_1542
1049,51,CS202210140_1543
1050,134,CS202210140_1544
1051,69,CS202210140_1545
1052,87,CS202210140_1546
1053,89,CS202210140_1547
1054,378,CS202210140_1548
1055,412,CS202210140_1549
1056,437,CS202210140_1550
1057,94,CS202210140_1551
1058,126,CS202210140_1552
1059,29,CS202210140_1553
1060,735,CS202210140_1554
1061,449,CS202210140_1555
1062,942,CS202210140_1556
1063,430,CS202210140_1557
1064,750,CS202210140_1558
1065,281,CS202210140_1559
1066,659,CS202210140_1560
1067,685,CS202210140_1561
1068,523,CS202210140_1562
1069,357,CS202210140_1563
1070,101,CS202210140_1564
1071,237,CS202210140_1565
1072,85,CS202210140_1566
1073,172,CS202210140_1567
1074,271,CS202210140_1568
1075,67,CS202210140_1569
1076,148,CS202210140_1570
1077,317,CS202210140_1571
1078,191,CS202210140_1572
1079,93,CS202210140_1573
1080,142,CS202210140_1574
1081,250,CS202210140_1575
1082,128,CS202210140_1576
1083,148,CS202210140_1577
1084,438,CS202210140_1578
1085,544,CS202210140_1579
1086,273,CS202210140_1580
1087,338,CS202210140_1581
1088,232,CS202210140_1582
1089,612,CS202210140_1583
1090,326,CS202210140_1584
1091,468,CS202210140_1585
1092,37,CS202210140_1586
1093,143,CS202210140_1587
1094,125,CS202210140_1588
1095,62,CS202210140_1589
1096,42,CS202210140_1590
1097,119,CS202210140_1591
1098,27,CS202210140_1592
1099,88,CS202210140_1593
1100,76,CS202210140_1594
1101,78,CS202210140_1595
1102,151,CS202210140_1596
1103,127,CS202210140_1597
1104,333,CS202210140_1598
1105,273,CS202210140_1599
1106,160,CS202210140_1600
1107,142,CS202210140_1601
1108,495,CS202210140_1602
1109,384,CS202210140_1603
1110,343,CS202210140_1604
1111,231,CS202210140_1605
1112,518,CS202210140_1606
1113,217,CS202210140_1607
1114,355,CS202210140_1608
1115,140,CS202210140_1609
1116,59,CS202210140_1610
1117,285,CS202210140_1611
1118,233,CS202210140_1612
1119,123,CS202210140_1613
1120,86,CS202210140_1614
1121,225,CS202210140_1615
1122,205,CS202210140_1616
1123,132,CS202210140_1617
1124,185,CS202210140_1618
1125,119,CS202210140_1619
1126,277,CS202210140_1620
1127,386,CS202210140_1621
1128,127,CS202210140_1622
1129,339,CS202210140_1623
1130,511,CS202210140_1624
1131,458,CS202210140_1625
1132,196,CS202210140_1626
1133,182,CS202210140_1627
1134,292,CS202210140_1628
1135,363,CS202210140_1629
1136,144,CS202210140_1630
1137,427,CS202210140_1631
1138,161,CS202210140_1632
1139,396,CS202210140_1633
1140,497,CS202210140_1634
1141,616,CS202210140_1635
1142,242,CS202210140_1636
1143,287,CS202210140_1637
1144,402,CS202210140_1638
1145,265,CS202210140_1639
1146,210,CS202210140_1640
1147,394,CS202210140_1641
1148,576,CS202210140_1642
1149,329,CS202210140_1643
1150,354,CS202210140_1644
1151,303,CS202210140_1645
1152,29,CS202210140_1646
1153,107,CS202210140_1647
1154,66,CS202210140_1648
1155,62,CS202210140_1649
1156,47,CS202210140_1650
1157,375,CS202210140_1651
1158,162,CS202210140_1652
1159,219,CS202210140_1653
1160,430,CS202210140_1654
1161,418,CS202210140_1655
1162,436,CS202210140_1656
1163,213,CS202210140_1657
1164,231,CS202210140_1658
1165,961,CS202210140_1659
1166,661,CS202210140_1660
1167,1171,CS202210140_1661
1168,726,CS202210140_1662
1169,88,CS202210140_1663
1170,113,CS202210140_1664
1171,57,CS202210140_1665
1172,42,CS202210140_1666
1173,95,CS202210140_1667
1174,101,CS202210140_1668
1175,102,CS202210140_1669
1176,281,CS202210140_1670
1177,156,CS202210140_1671
1178,279,CS202210140_1672
1179,175,CS202210140_1673
1180,45,CS202210140_1674
1181,275,CS202210140_1675
1182,313,CS202210140_1676
1183,247,CS202210140_1677
1184,155,CS202210140_1678
1185,63,CS202210140_1679
1186,122,CS202210140_1680
1187,330,CS202210140_1681
1188,176,CS202210140_1682
1189,495,CS202210140_1683
1190,259,CS202210140_1684
1191,401,CS202210140_1685
1192,230,CS202210140_1686
1193,462,CS202210140_1687
1194,644,CS202210140_1688
1195,718,CS202210140_1689
1196,590,CS202210140_1690
1197,586,CS202210140_1691
1198,738,CS202210140_1692
1199,850,CS202210140_1693
1200,191,CS202210140_1694
1201,400,CS202210140_1695
1202,3385,CS202210140_1696
1203,264,CS202210140_1697
1204,972,CS202210140_1698
1205,304,CS202210140_1699
1206,159,CS202210140_1700
1207,400,CS202210140_1701
1208,370,CS202210140_1702
1209,134,CS202210140_1703
1210,149,CS202210140_1704
1211,127,CS202210140_1705
1212,642,CS202210140_1706
1213,537,CS202210140_1707
1214,261,CS202210140_1708
1215,236,CS202210140_1709
1216,184,CS202210140_1710
1217,172,CS202210140_1711
1218,406,CS202210140_1712
1219,192,CS202210140_1713
1220,439,CS202210140_1714
1221,404,CS202210140_1715
1222,83,CS202210140_1716
1223,162,CS202210140_1717
1224,165,CS202210140_1718
1225,237,CS202210140_1719
1226,185,CS202210140_1720
1227,231,CS202210140_1721
1228,344,CS202210140_1722
1229,1224,CS202210140_1723
1230,216,CS202210140_1724
1231,194,CS202210140_1725
1232,2017,CS202210140_1726
1233,1501,CS202210140_1727
1234,537,CS202210140_1728
1235,438,CS202210140_1729
1236,167,CS202210140_1730
1237,93,CS202210140_1731
1238,228,CS202210140_1732
1239,498,CS202210140_1733
1240,473,CS202210140_1734
1241,235,CS202210140_1735
1242,539,CS202210140_1736
1243,584,CS202210140_1737
1244,699,CS202210140_1738
1245,669,CS202210140_1739
1246,913,CS202210140_1740
1247,1194,CS202210140_1741
1248,1140,CS202210140_1742
1249,3378,CS202210140_1743
1250,649,CS202210140_1744
1251,550,CS202210140_1745
1252,2262,CS202210140_1746
1253,719,CS202210140_1747
1254,220,CS202210140_1748
1255,317,CS202210140_1749
1256,712,CS202210140_1750
1257,278,CS202210140_1751
1258,1388,CS202210140_1752
1259,1258,CS202210140_1753
1260,418,CS202210140_1754
1261,729,CS202210140_1755
1262,272,CS202210140_1756
1263,92,CS202210140_1757
1264,331,CS202210140_1758
1265,501,CS202210140_1759
1266,509,CS202210140_1760
1267,529,CS202210140_1761
1268,164,CS202210140_1762
1269,278,CS202210140_1763
1270,290,CS202210140_1764
1271,434,CS202210140_1765
1272,99,CS202210140_1766
1273,91,CS202210140_1767
1274,175,CS202210140_1768
1275,184,CS202210140_1769
1276,86,CS202210140_1770
1277,188,CS202210140_1771
1278,103,CS202210140_1772
1279,158,CS202210140_1773
1280,218,CS202210140_1774
1281,214,CS202210140_1775
1282,433,CS202210140_1776
1283,196,CS202210140_1777
1284,101,CS202210140_1778
1285,120,CS202210140_1779
1286,29,CS202210140_1780
1287,316,CS202210140_1781
1288,173,CS202210140_1782
1289,191,CS202210140_1783
1290,97,CS202210140_1784
1291,30,CS202210140_1785
1292,92,CS202210140_1786
1293,46,CS202210140_1787
1294,184,CS202210140_1788
1295,42,CS202210140_1789
1296,35,CS202210140_1790
1297,90,CS202210140_1791
1298,287,CS202210140_1792
1299,169,CS202210140_1793
1300,225,CS202210140_1794
1301,173,CS202210140_1795
1302,94,CS202210140_1796
1303,65,CS202210140_1797
1304,223,CS202210140_1798
1305,340,CS202210140_1799
1306,221,CS202210140_1800
1307,185,CS202210140_1801
1308,139,CS202210140_1802
1309,171,CS202210140_1803
1310,276,CS202210140_1804
1311,286,CS202210140_1805
1312,134,CS202210140_1806
1313,133,CS202210140_1807
1314,114,CS202210140_1808
1315,222,CS202210140_1809
1316,223,CS202210140_1810
1317,208,CS202210140_1811
1318,208,CS202210140_1812
1319,306,CS202210140_1813
1320,422,CS202210140_1814
1321,196,CS202210140_1815
1322,363,CS202210140_1816
1323,276,CS202210140_1817
1324,467,CS202210140_1818
1325,72,CS202210140_1819
1326,184,CS202210140_1820
1327,268,CS202210140_1821
1328,284,CS202210140_1822
1329,312,CS202210140_1823
1330,120,CS202210140_1824
1331,250,CS202210140_1825
1332,222,CS202210140_1826
1333,417,CS202210140_1827
1334,93,CS202210140_1828
1335,87,CS202210140_1829
1336,83,CS202210140_1830
1337,77,CS202210140_1831
1338,123,CS202210140_1832
1339,111,CS202210140_1833
1340,53,CS202210140_1834
1341,92,CS202210140_1835
1342,230,CS202210140_1836
1343,324,CS202210140_1837
1344,295,CS202210140_1838
1345,436,CS202210140_1839
1346,180,CS202210140_1840
1347,312,CS202210140_1841
1348,508,CS202210140_1842
1349,50,CS202210140_1843
1350,279,CS202210140_1844
1351,226,CS202210140_1845
1352,279,CS202210140_1846
1353,137,CS202210140_1847
1354,476,CS202210140_1848
1355,250,CS202210140_1849
1356,258,CS202210140_1850
1357,212,CS202210140_1851
1358,261,CS202210140_1852
1359,220,CS202210140_1853
1360,381,CS202210140_1854
1361,154,CS202210140_1855
1362,88,CS202210140_1856
1363,260,CS202210140_1857
1364,409,CS202210140_1858
1365,188,CS202210140_1859
1366,92,CS202210140_1860
1367,264,CS202210140_1861
1368,98,CS202210140_1862
1369,158,CS202210140_1863
1370,108,CS202210140_1864
1371,211,CS202210140_1865
1372,94,CS202210140_1866
1373,113,CS202210140_1867
1374,193,CS202210140_1868
1375,60,CS202210140_1869
1376,119,CS202210140_1870
1377,79,CS202210140_1871
1378,86,CS202210140_1872
1379,52,CS202210140_1873
1380,146,CS202210140_1874
1381,76,CS202210140_1875
1382,108,CS202210140_1876
1383,184,CS202210140_1877
1384,158,CS202210140_1878
1385,212,CS202210140_1879
1386,280,CS202210140_1880
1387,216,CS202210140_1881
1388,209,CS202210140_1882
1389,208,CS202210140_1883
1390,134,CS202210140_1884
1391,132,CS202210140_1885
1392,154,CS202210140_1886
1393,361,CS202210140_1887
1394,198,CS202210140_1888
1395,158,CS202210140_1889
1396,98,CS202210140_1890
1397,77,CS202210140_1891
1398,89,CS202210140_1892
1399,66,CS202210140_1893
1400,119,CS202210140_1894
1401,125,CS202210140_1895
1402,59,CS202210140_1896
1403,79,CS202210140_1897
1404,501,CS202210140_1898
1405,260,CS202210140_1899
1406,266,CS202210140_1900
1407,91,CS202210140_1901
1408,85,CS202210140_1902
1409,57,CS202210140_1903
1410,164,CS202210140_1904
1411,131,CS202210140_1905
1412,206,CS202210140_1906
1413,183,CS202210140_1907
1414,216,CS202210140_1908
1415,186,CS202210140_1909
1416,151,CS202210140_1910
1417,131,CS202210140_1911
1418,426,CS202210140_1912
1419,606,CS202210140_1913
1420,681,CS202210140_1914
1421,531,CS202210140_1915
1422,362,CS202210140_1916
1423,263,CS202210140_1917
1424,434,CS202210140_1918
1425,437,CS202210140_1919
1426,301,CS202210140_1920
1427,566,CS202210140_1921
1428,351,CS202210140_1922
1429,793,CS202210140_1923
1430,130,CS202210140_1924
1431,286,CS202210140_1925
1432,277,CS202210140_1926
1433,206,CS202210140_1927
1434,41,CS202210140_1928
1435,85,CS202210140_1929
1436,145,CS202210140_1930
1437,20,CS202210140_1931
1438,138,CS202210140_1932
1439,107,CS202210140_1933
1440,764,CS202210140_1934
1441,141,CS202210140_1935
1442,200,CS202210140_1936
1443,121,CS202210140_1937
1444,74,CS202210140_1938
1445,30,CS202210140_1939
1446,52,CS202210140_1940
1447,56,CS202210140_1941
1448,143,CS202210140_1942
1449,83,CS202210140_1943
1450,142,CS202210140_1944
1451,104,CS202210140_1945
1452,117,CS202210140_1946
1453,188,CS202210140_1947
1454,65,CS202210140_1948
1455,345,CS202210140_1949
1456,88,CS202210140_1950
1457,40,CS202210140_1951
1458,127,CS202210140_1952
1459,135,CS202210140_1953
1460,150,CS202210140_1954
1461,117,CS202210140_1955
1462,128,CS202210140_1956
1463,51,CS202210140_1957
1464,128,CS202210140_1958
1465,190,CS202210140_1959
1466,98,CS202210140_1960
1467,63,CS202210140_1961
1468,109,CS202210140_1962
1469,124,CS202210140_1963
1470,153,CS202210140_1964
1471,75,CS202210140_1965
1472,159,CS202210140_1966
1473,133,CS202210140_1967
1474,62,CS202210140_1968
1475,241,CS202210140_1969
1476,257,CS202210140_1970
1477,213,CS202210140_1971
1478,962,CS202210140_1972
1479,437,CS202210140_1973
1480,733,CS202210140_1974
1481,572,CS202210140_1975
1482,357,CS202210140_1976
1483,157,CS202210140_1977
1484,239,CS202210140_1978
1485,307,CS202210140_1979
1486,337,CS202210140_1980
1487,144,CS202210140_1981
1488,134,CS202210140_1982
1489,199,CS202210140_1983
1490,109,CS202210140_1984
1491,394,CS202210140_1985
1492,163,CS202210140_1986
1493,211,CS202210140_1987
1494,103,CS202210140_1988
1495,317,CS202210140_1989
1496,110,CS202210140_1990
1497,144,CS202210140_1991
1498,272,CS202210140_1992
1499,301,CS202210140_1993
1500,372,CS202210140_1994
1501,1380,CS202210140_1995
1502,3690,CS202210140_1996
1503,1409,CS202210140_1997
1504,482,CS202210140_1998
1505,672,CS202210140_1999
1506,980,CS202210140_2000
1507,688,CS202210140_2001
1508,603,CS202210140_2002
1509,76,CS202210140_2003
1510,82,CS202210140_2004
1511,41,CS202210140_2005
1512,102,CS202210140_2006
1513,46,CS202210140_2007
1514,95,CS202210140_2008
1515,221,CS202210140_2009
1516,61,CS202210140_2010
1517,138,CS202210140_2011
1518,118,CS202210140_2012
1519,51,CS202210140_2013
1520,193,CS202210140_2014
1521,48,CS202210140_2015
1522,186,CS202210140_2016
1523,35,CS202210140_2017
1524,87,CS202210140_2018
1525,120,CS202210140_2019
1526,67,CS202210140_2020
1527,69,CS202210140_2021
1528,58,CS202210140_2022
1529,27,CS202210140_2023
1530,80,CS202210140_2024
1531,39,CS202210140_2025
1532,137,CS202210140_2026
1533,152,CS202210140_2027
1534,87,CS202210140_2028
1535,99,CS202210140_2029
1536,208,CS202210140_2030
1537,129,CS202210140_2031
1538,51,CS202210140_2032
1539,108,CS202210140_2033
1540,75,CS202210140_2034
1541,133,CS202210140_2035
1542,148,CS202210140_2036
1543,211,CS202210140_2037
1544,82,CS202210140_2038
1545,257,CS202210140_2039
1546,58,CS202210140_2040
1547,74,CS202210140_2041
1548,150,CS202210140_2042
1549,143,CS202210140_2043
1550,211,CS202210140_2044
1551,113,CS202210140_2045
1552,60,CS202210140_2046
1553,222,CS202210140_2047
1554,177,CS202210140_2048
1555,234,CS202210140_2049
1556,86,CS202210140_2050
1557,381,CS202210140_2051
1558,374,CS202210140_2052
1559,151,CS202210140_2053
1560,115,CS202210140_2054
1561,208,CS202210140_2055
1562,192,CS202210140_2056
1563,256,CS202210140_2057
1564,273,CS202210140_2058
1565,315,CS202210140_2059
1566,206,CS202210140_2060
1567,108,CS202210140_2061
1568,412,CS202210140_2062
1569,74,CS202210140_2063
1570,61,CS202210140_2064
1571,52,CS202210140_2065
1572,291,CS202210140_2066
1573,118,CS202210140_2067
1574,156,CS202210140_2068
1575,176,CS202210140_2069
1576,309,CS202210140_2070
1577,438,CS202210140_2071
1578,204,CS202210140_2072
1579,118,CS202210140_2073
1580,237,CS202210140_2074
1581,228,CS202210140_2075
1582,364,CS202210140_2076
1583,100,CS202210140_2077
1584,495,CS202210140_2078
1585,446,CS202210140_2079
1586,225,CS202210140_2080
1587,143,CS202210140_2081
1588,141,CS202210140_2082
1589,116,CS202210140_2083
1590,161,CS202210140_2084
1591,189,CS202210140_2085
1592,404,CS202210140_2086
1593,337,CS202210140_2087
1594,210,CS202210140_2088
1595,626,CS202210140_2089
1596,323,CS202210140_2090
1597,267,CS202210140_2091
1598,128,CS202210140_2092
1599,389,CS202210140_2093
1600,371,CS202210140_2094
1601,166,CS202210140_2095
1602,546,CS202210140_2096
1603,148,CS202210140_2097
1604,162,CS202210140_2098
1605,496,CS202210140_2099
1606,285,CS202210140_2100
1607,183,CS202210140_2101
1608,239,CS202210140_2102
1609,153,CS202210140_2103
1610,121,CS202210140_2104
1611,88,CS202210140_2105
1612,58,CS202210140_2106
1613,159,CS202210140_2107
1614,100,CS202210140_2108
1615,137,CS202210140_2109
1616,166,CS202210140_2110
1617,291,CS202210140_2111
1618,55,CS202210140_2112
1619,123,CS202210140_2113
1620,171,CS202210140_2114
1621,208,CS202210140_2115
1622,185,CS202210140_2116
1623,76,CS202210140_2117
1624,166,CS202210140_2118
1625,132,CS202210140_2119
1626,73,CS202210140_2120
1627,200,CS202210140_2121
1628,210,CS202210140_2122
1629,126,CS202210140_2123
1630,254,CS202210140_2124
1631,219,CS202210140_2125
1632,200,CS202210140_2126
1633,138,CS202210140_2127
1634,67,CS202210140_2128
1635,130,CS202210140_2129
1636,72,CS202210140_2130
1637,143,CS202210140_2131
1638,74,CS202210140_2132
1639,42,CS202210140_2133
1640,21,CS202210140_2134
1641,131,CS202210140_2135
1642,131,CS202210140_2136
1643,250,CS202210140_2137
1644,308,CS202210140_2138
1645,247,CS202210140_2139
1646,220,CS202210140_2140
1647,223,CS202210140_2141
1648,240,CS202210140_2142
1649,294,CS202210140_2143
1650,279,CS202210140_2144
1651,73,CS202210140_2145
1652,454,CS202210140_2146
1653,250,CS202210140_2147
1654,52,CS202210140_2148
1655,56,CS202210140_2149
1656,324,CS202210140_2150
1657,202,CS202210140_2151
1658,234,CS202210140_2152
1659,269,CS202210140_2153
1660,93,CS202210140_2154
1661,148,CS202210140_2155
1662,226,CS202210140_2156
1663,72,CS202210140_2157
1664,243,CS202210140_2158
1665,312,CS202210140_2159
1666,374,CS202210140_2160
1667,76,CS202210140_2161
1668,198,CS202210140_2162
1669,376,CS202210140_2163
1670,234,CS202210140_2164
1671,221,CS202210140_2165
1672,90,CS202210140_2166
1673,154,CS202210140_2167
1674,89,CS202210140_2168
1675,56,CS202210140_2169
1676,238,CS202210140_2170
1677,484,CS202210140_2171
1678,492,CS202210140_2172
1679,359,CS202210140_2173
1680,178,CS202210140_2174
1681,280,CS202210140_2175
1682,314,CS202210140_2176
1683,252,CS202210140_2177
1684,585,CS202210140_2178
1685,655,CS202210140_2179
1686,1549,CS202210140_2180
1687,173,CS202210140_2181
1688,210,CS202210140_2182
1689,49,CS202210140_2183
1690,123,CS202210140_2184
1691,334,CS202210140_2185
1692,182,CS202210140_2186
1693,267,CS202210140_2187
1694,129,CS202210140_2188
1695,245,CS202210140_2189
1696,75,CS202210140_2190
1697,311,CS202210140_2191
1698,216,CS202210140_2192
1699,198,CS202210140_2193
1700,111,CS202210140_2194
1701,171,CS202210140_2195
1702,95,CS202210140_2196
1703,119,CS202210140_2197
1704,205,CS202210140_2198
1705,210,CS202210140_2199
1706,143,CS202210140_2200
1707,215,CS202210140_2201
1708,288,CS202210140_2202
1709,138,CS202210140_2203
1710,131,CS202210140_2204
1711,247,CS202210140_2205
1712,146,CS202210140_2206
1713,233,CS202210140_2207
1714,435,CS202210140_2208
1715,91,CS202210140_2209
1716,44,CS202210140_2210
1717,79,CS202210140_2211
1718,284,CS202210140_2212
1719,191,CS202210140_2213
1720,143,CS202210140_2214
1721,44,CS202210140_2215
1722,35,CS202210140_2216
1723,274,CS202210140_2217
1724,160,CS202210140_2218
1725,102,CS202210140_2219
1726,127,CS202210140_2220
1727,111,CS202210140_2221
1728,169,CS202210140_2222
1729,148,CS202210140_2223
1730,221,CS202210140_2224
1731,98,CS202210140_2225
1732,103,CS202210140_2226
1733,126,CS202210140_2227
1734,275,CS202210140_2228
1735,109,CS202210140_2229
1736,118,CS202210140_2230
1737,63,CS202210140_2231
1738,120,CS202210140_2232
1739,177,CS202210140_2233
1740,295,CS202210140_2234
1741,218,CS202210140_2235
1742,100,CS202210140_2236
1743,486,CS202210140_2237
1744,174,CS202210140_2238
1745,250,CS202210140_2239
1746,224,CS202210140_2240
1747,147,CS202210140_2241
1748,224,CS202210140_2242
1749,152,CS202210140_2243
1750,151,CS202210140_2244
1751,123,CS202210140_2245
1752,145,CS202210140_2246
1753,292,CS202210140_2247
1754,249,CS202210140_2248
1755,207,CS202210140_2249
1756,179,CS202210140_2250
1757,78,CS202210140_2251
1758,85,CS202210140_2252
1759,151,CS202210140_2253
1760,179,CS202210140_2254
1761,256,CS202210140_2255
1762,299,CS202210140_2256
1763,265,CS202210140_2257
1764,308,CS202210140_2258
1765,144,CS202210140_2259
1766,177,CS202210140_2260
1767,246,CS202210140_2261
1768,112,CS202210140_2262
1769,184,CS202210140_2263
1770,166,CS202210140_2264
1771,269,CS202210140_2265
1772,241,CS202210140_2266
1773,102,CS202210140_2267
1774,317,CS202210140_2268
1775,165,CS202210140_2269
1776,296,CS202210140_2270
1777,66,CS202210140_2271
1778,246,CS202210140_2272
1779,255,CS202210140_2273
1780,191,CS202210140_2274
1781,83,CS202210140_2275
1782,51,CS202210140_2276
1783,103,CS202210140_2277
1784,126,CS202210140_2278
1785,136,CS202210140_2279
1786,204,CS202210140_2280
1787,428,CS202210140_2281
1788,219,CS202210140_2282
1789,284,CS202210140_2283
1790,468,CS202210140_2284
1791,407,CS202210140_2285
1792,431,CS202210140_2286
1793,274,CS202210140_2287
1794,718,CS202210140_2288
1795,539,CS202210140_2289
1796,542,CS202210140_2290
1797,451,CS202210140_2291
1798,290,CS202210140_2292
1799,135,CS202210140_2293
1800,371,CS202210140_2294
1801,136,CS202210140_2295
1802,296,CS202210140_2296
1803,137,CS202210140_2297
1804,122,CS202210140_2298
1805,554,CS202210140_2299
1806,386,CS202210140_2300
1807,496,CS202210140_2301
1808,484,CS202210140_2302
1809,542,CS202210140_2303
1810,965,CS202210140_2304
1811,284,CS202210140_2305
1812,741,CS202210140_2306
1813,466,CS202210140_2307
1814,952,CS202210140_2308
1815,546,CS202210140_2309
1816,596,CS202210140_2310
1817,352,CS202210140_2311
1818,504,CS202210140_2312
1819,49,CS202210140_2313
1820,397,CS202210140_2314
1821,377,CS202210140_2315
1822,388,CS202210140_2316
1823,217,CS202210140_2317
1824,496,CS202210140_2318
1825,28,CS202210140_2319
1826,464,CS202210140_2320
1827,143,CS202210140_2321
1828,127,CS202210140_2322
1829,118,CS202210140_2323
1830,80,CS202210140_2324
1831,158,CS202210140_2325
1832,245,CS202210140_2326
1833,264,CS202210140_2327
1834,218,CS202210140_2328
1835,437,CS202210140_2329
1836,323,CS202210140_2330
1837,496,CS202210140_2331
1838,224,CS202210140_2332
1839,289,CS202210140_2333
1840,65,CS202210140_2334
1841,185,CS202210140_2335
1842,376,CS202210140_2336
1843,173,CS202210140_2337
1844,252,CS202210140_2338
1845,241,CS202210140_2339
1846,242,CS202210140_2340
1847,554,CS202210140_2341
1848,1550,CS202210140_2342
1849,610,CS202210140_2343
1850,493,CS202210140_2344
1851,596,CS202210140_2345
1852,464,CS202210140_2346
1853,280,CS202210140_2347
1854,1264,CS202210140_2348
1855,1198,CS202210140_2349
1856,2007,CS202210140_2350
1857,454,CS202210140_2351
1858,37,CS202210140_2352
1859,234,CS202210140_2353
1860,347,CS202210140_2354
1861,285,CS202210140_2355
1862,380,CS202210140_2356
1863,84,CS202210140_2357
1864,178,CS202210140_2358
1865,17,CS202210140_2359
1866,230,CS202210140_2360
1867,629,CS202210140_2361
1868,38,CS202210140_2362
1869,253,CS202210140_2363
1870,107,CS202210140_2364
1871,107,CS202210140_2365
1872,87,CS202210140_2366
1873,88,CS202210140_2367
1874,130,CS202210140_2368
1875,114,CS202210140_2369
1876,112,CS202210140_2370
1877,98,CS202210140_2371
1878,178,CS202210140_2372
1879,161,CS202210140_2373
1880,112,CS202210140_2374
1881,94,CS202210140_2375
1882,53,CS202210140_2376
1883,54,CS202210140_2377
1884,74,CS202210140_2378
1885,133,CS202210140_2379
1886,93,CS202210140_2380
1887,98,CS202210140_2381
1888,50,CS202210140_2382
1889,202,CS202210140_2383
1890,80,CS202210140_2384
1891,145,CS202210140_2385
1892,322,CS202210140_2386
1893,125,CS202210140_2387
1894,129,CS202210140_2388
1895,64,CS202210140_2389
1896,103,CS202210140_2390
1897,89,CS202210140_2391
1898,253,CS202210140_2392
1899,129,CS202210140_2393
1900,312,CS202210140_2394
1901,224,CS202210140_2395
1902,349,CS202210140_2396
1903,286,CS202210140_2397
1904,237,CS202210140_2398
1905,316,CS202210140_2399
1906,31,CS202210140_2400
1907,169,CS202210140_2401
1908,89,CS202210140_2402
1909,106,CS202210140_2403
1910,128,CS202210140_2404
1911,106,CS202210140_2405
1912,78,CS202210140_2406
1913,56,CS202210140_2407
1914,174,CS202210140_2408
1915,98,CS202210140_2409
1916,104,CS202210140_2410
1917,182,CS202210140_2411
1918,351,CS202210140_2412
1919,527,CS202210140_2413
1920,131,CS202210140_2414
1921,385,CS202210140_2415
1922,92,CS202210140_2416
1923,341,CS202210140_2417
1924,383,CS202210140_2418
1925,210,CS202210140_2419
1926,673,CS202210140_2420
1927,239,CS202210140_2421
1928,341,CS202210140_2422
1929,139,CS202210140_2423
1930,131,CS202210140_2424
1931,235,CS202210140_2425
1932,485,CS202210140_2426
1933,177,CS202210140_2427
1934,151,CS202210140_2428
1935,209,CS202210140_2429
1936,199,CS202210140_2430
1937,164,CS202210140_2431
1938,517,CS202210140_2432
1939,533,CS202210140_2433
1940,377,CS202210140_2434
1941,532,CS202210140_2435
1942,506,CS202210140_2436
1943,468,CS202210140_2437
1944,232,CS202210140_2438
1945,624,CS202210140_2439
1946,101,CS202210140_2440
1947,182,CS202210140_2441
1948,734,CS202210140_2442
1949,830,CS202210140_2443
1950,572,CS202210140_2444
1951,504,CS202210140_2445
1952,252,CS202210140_2446
1953,147,CS202210140_2447
1954,379,CS202210140_2448
1955,665,CS202210140_2449
1956,551,CS202210140_2450
1957,234,CS202210140_2451
1958,691,CS202210140_2452
1959,139,CS202210140_2453
1960,326,CS202210140_2454
1961,46,CS202210140_2455
1962,285,CS202210140_2456
1963,265,CS202210140_2457
1964,190,CS202210140_2458
1965,177,CS202210140_2459
1966,197,CS202210140_2460
1967,150,CS202210140_2461
1968,211,CS202210140_2462
1969,280,CS202210140_2463
1970,304,CS202210140_2464
1971,74,CS202210140_2465
1972,27,CS202210140_2466
1973,353,CS202210140_2467
1974,353,CS202210140_2468
1975,521,CS202210140_2469
1976,479,CS202210140_2470
1977,521,CS202210140_2471
1978,339,CS202210140_2472
1979,622,CS202210140_2473
1980,291,CS202210140_2474
1981,654,CS202210140_2475
1982,213,CS202210140_2476
1983,791,CS202210140_2477
1984,446,CS202210140_2478
1985,308,CS202210140_2479
1986,452,CS202210140_2480
1987,753,CS202210140_2481
1988,348,CS202210140_2482
1989,304,CS202210140_2483
1990,512,CS202210140_2484
1991,191,CS202210140_2485
1992,290,CS202210140_2486
1993,292,CS202210140_2487
1994,302,CS202210140_2488
1995,300,CS202210140_2489
1996,311,CS202210140_2490
1997,316,CS202210140_2491
1998,195,CS202210140_2492
1999,244,CS202210140_2493
2000,344,CS202210140_2494
2001,451,CS202210140_2495
2002,510,CS202210140_2496
2003,252,CS202210140_2497
2004,467,CS202210140_2498
2005,1324,CS202210140_2499
2006,891,CS202210140_2500
2007,800,CS202210140_2501
2008,1032,CS202210140_2502
2009,678,CS202210140_2503
2010,735,CS202210140_2504
2011,133,CS202210140_2505
2012,47,CS202210140_2506
2013,57,CS202210140_2507
2014,165,CS202210140_2508
2015,90,CS202210140_2509
2016,881,CS202210140_2510
2017,280,CS202210140_2511
2018,1475,CS202210140_2512
2019,1041,CS202210140_2513
2020,1520,CS202210140_2514
2021,950,CS202210140_2515
2022,394,CS202210140_2516
2023,6453,CS202210140_2517
2024,1438,CS202210140_2518
2025,3307,CS202210140_2519
2026,2989,CS202210140_2520
2027,1324,CS202210140_2521
2028,2905,CS202210140_2522
2029,2964,CS202210140_2523
2030,1963,CS202210140_2524
2031,473,CS202210140_2525
2032,459,CS202210140_2526
2033,2538,CS202210140_2527
2034,1062,CS202210140_2528
2035,2642,CS202210140_2529
2036,834,CS202210140_2530
2037,2407,CS202210140_2531
2038,1260,CS202210140_2532
2039,2004,CS202210140_2533
2040,1785,CS202210140_2534
2041,749,CS202210140_2535
2042,581,CS202210140_2536
2043,1512,CS202210140_2537
2044,1743,CS202210140_2538
2045,2553,CS202210140_2539
2046,1939,CS202210140_2540
2047,1899,CS202210140_2541
2048,1775,CS202210140_2542
2049,605,CS202210140_2543
2050,606,CS202210140_2544
2051,617,CS202210140_2545
2052,127,CS202210140_2546
2053,759,CS202210140_2547
2054,392,CS202210140_2548
2055,459,CS202210140_2549
2056,580,CS202210140_2550
2057,647,CS202210140_2551
2058,329,CS202210140_2552
2059,863,CS202210140_2553
2060,316,CS202210140_2554
2061,1084,CS202210140_2555
2062,958,CS202210140_2556
2063,514,CS202210140_2557
2064,1346,CS202210140_2558
2065,676,CS202210140_2559
2066,151,CS202210140_2560
2067,1558,CS202210140_2561
2068,743,CS202210140_2562
2069,1067,CS202210140_2563
2070,857,CS202210140_2564
2071,1457,CS202210140_2565
2072,1458,CS202210140_2566
2073,12273,CS202210140_2567
2074,7149,CS202210140_2568
2075,1147,CS202210140_2569
2076,879,CS202210140_2570
2077,1525,CS202210140_2571
2078,2934,CS202210140_2572
2079,2646,CS202210140_2573
2080,1676,CS202210140_2574
2081,3342,CS202210140_2575
2082,2084,CS202210140_2576
2083,772,CS202210140_2577
2084,1084,CS202210140_2578
2085,4359,CS202210140_2579
2086,1159,CS202210140_2580
2087,3697,CS202210140_2581
2088,890,CS202210140_2582
2089,172,CS202210140_2583
2090,194,CS202210140_2584
2091,258,CS202210140_2585
2092,411,CS202210140_2586
2093,689,CS202210140_2587
2094,297,CS202210140_2588
2095,372,CS202210140_2589
2096,350,CS202210140_2590
2097,960,CS202210140_2591
2098,776,CS202210140_2592
2099,1354,CS202210140_2593
2100,718,CS202210140_2594
2101,896,CS202210140_2595
2102,57,CS202210140_2596
2103,122,CS202210140_2597
2104,29,CS202210140_2598
2105,51,CS202210140_2599
2106,76,CS202210140_2600
2107,56,CS202210140_2601
2108,415,CS202210140_2602
2109,366,CS202210140_2603
2110,636,CS202210140_2604
2111,792,CS202210140_2605
2112,417,CS202210140_2606
2113,562,CS202210140_2607
2114,279,CS202210140_2608
2115,532,CS202210140_2609
2116,624,CS202210140_2610
2117,749,CS202210140_2611
2118,910,CS202210140_2612
2119,504,CS202210140_2613
2120,928,CS202210140_2614
2121,949,CS202210140_2615
2122,505,CS202210140_2616
2123,838,CS202210140_2617
2124,163,CS202210140_2618
2125,548,CS202210140_2619
2126,572,CS202210140_2620
2127,1020,CS202210140_2621
2128,184,CS202210140_2622
2129,246,CS202210140_2623
2130,392,CS202210140_2624
2131,565,CS202210140_2625
2132,374,CS202210140_2626
2133,384,CS202210140_2627
2134,323,CS202210140_2628
2135,170,CS202210140_2629
2136,174,CS202210140_2630
2137,354,CS202210140_2631
2138,38,CS202210140_2632
2139,261,CS202210140_2633
2140,265,CS202210140_2634
2141,205,CS202210140_2635
2142,197,CS202210140_2636
2143,193,CS202210140_2637
2144,922,CS202210140_2638
2145,439,CS202210140_2639
2146,350,CS202210140_2640
2147,809,CS202210140_2641
2148,670,CS202210140_2642
2149,515,CS202210140_2643
2150,899,CS202210140_2644
2151,1450,CS202210140_2645
2152,381,CS202210140_2646
2153,820,CS202210140_2647
2154,1282,CS202210140_2648
2155,640,CS202210140_2649
2156,704,CS202210140_2650
2157,446,CS202210140_2651
2158,662,CS202210140_2652
2159,228,CS202210140_2653
2160,597,CS202210140_2654
2161,246,CS202210140_2655
2162,372,CS202210140_2656
2163,879,CS202210140_2657
2164,781,CS202210140_2658
2165,352,CS202210140_2659
2166,114,CS202210140_2660
2167,987,CS202210140_2661
2168,265,CS202210140_2662
2169,470,CS202210140_2663
2170,341,CS202210140_2664
2171,336,CS202210140_2665
2172,248,CS202210140_2666
2173,222,CS202210140_2667
2174,556,CS202210140_2668
2175,295,CS202210140_2669
2176,125,CS202210140_2670
2177,112,CS202210140_2671
2178,316,CS202210140_2672
2179,133,CS202210140_2673
2180,230,CS202210140_2674
2181,302,CS202210140_2675
2182,224,CS202210140_2676
2183,61,CS202210140_2677
2184,308,CS202210140_2678
2185,360,CS202210140_2679
2186,499,CS202210140_2680
2187,341,CS202210140_2681
2188,54,CS202210140_2682
2189,185,CS202210140_2683
2190,274,CS202210140_2684
2191,243,CS202210140_2685
2192,278,CS202210140_2686
2193,212,CS202210140_2687
2194,486,CS202210140_2688
2195,32,CS202210140_2689
2196,277,CS202210140_2690
2197,3210,CS202210140_2691
2198,1721,CS202210140_2692
2199,1792,CS202210140_2693
2200,1353,CS202210140_2694
2201,6020,CS202210140_2695
2202,3270,CS202210140_2696
2203,260,CS202210140_2697
2204,48,CS202210140_2698
2205,90,CS202210140_2699
2206,14227,CS202210140_2700
2207,2376,CS202210140_2701
2208,6323,CS202210140_2702
2209,3889,CS202210140_2703
2210,8784,CS202210140_2704
2211,547,CS202210140_2705
2212,3485,CS202210140_2706
2213,1781,CS202210140_2707
2214,1574,CS202210140_2708
2215,5116,CS202210140_2709
2216,366,CS202210140_2710
2217,103,CS202210140_2711
2218,316,CS202210140_2712
2219,250,CS202210140_2713
2220,330,CS202210140_2714
2221,339,CS202210140_2715
2222,696,CS202210140_2716
2223,1003,CS202210140_2717
2224,59,CS202210140_2718
2225,77,CS202210140_2719
2226,219,CS202210140_2720
2227,62,CS202210140_2721
2228,74,CS202210140_2722
2229,66,CS202210140_2723
2230,228,CS202210140_2724
2231,164,CS202210140_2725
2232,344,CS202210140_2726
2233,649,CS202210140_2727
2234,166,CS202210140_2728
2235,156,CS202210140_2729
2236,195,CS202210140_2730
2237,272,CS202210140_2731
2238,229,CS202210140_2732
2239,199,CS202210140_2733
2240,475,CS202210140_2734
2241,375,CS202210140_2735
2242,595,CS202210140_2736
2243,206,CS202210140_2737
2244,213,CS202210140_2738
2245,165,CS202210140_2739
2246,257,CS202210140_2740
2247,269,CS202210140_2741
2248,166,CS202210140_2742
2249,754,CS202210140_2743
2250,290,CS202210140_2744
2251,412,CS202210140_2745
2252,716,CS202210140_2746
2253,136,CS202210140_2747
2254,124,CS202210140_2748
2255,76,CS202210140_2749
2256,48,CS202210140_2750
2257,129,CS202210140_2751
2258,169,CS202210140_2752
2259,285,CS202210140_2753
2260,192,CS202210140_2754
2261,713,CS202210140_2755
2262,228,CS202210140_2756
2263,502,CS202210140_2757
2264,271,CS202210140_2758
2265,213,CS202210140_2759
2266,184,CS202210140_2760
2267,715,CS202210140_2761
2268,615,CS202210140_2762
2269,543,CS202210140_2763
2270,1321,CS202210140_2764
2271,90,CS202210140_2765
2272,1262,CS202210140_2766
2273,395,CS202210140_2767
2274,584,CS202210140_2768
2275,2480,CS202210140_2769
2276,1721,CS202210140_2770
2277,1389,CS202210140_2771
2278,1037,CS202210140_2772
2279,677,CS202210140_2773
2280,1684,CS202210140_2774
2281,1071,CS202210140_2775
2282,1995,CS202210140_2776
2283,526,CS202210140_2777
2284,553,CS202210140_2778
2285,859,CS202210140_2779
2286,1273,CS202210140_2780
2287,642,CS202210140_2781
2288,604,CS202210140_2782
2289,1694,CS202210140_2783
2290,729,CS202210140_2784
2291,792,CS202210140_2785
2292,314,CS202210140_2786
2293,561,CS202210140_2787
2294,318,CS202210140_2788
2295,472,CS202210140_2789
2296,1433,CS202210140_2790
2297,1542,CS202210140_2791
2298,2164,CS202210140_2792
2299,1362,CS202210140_2793
2300,1145,CS202210140_2794
2301,1658,CS202210140_2795
2302,4388,CS202210140_2796
2303,150,CS202210140_2797
2304,1264,CS202210140_2798
2305,3169,CS202210140_2799
2306,4707,CS202210140_2800
2307,756,CS202210140_2801
2308,1949,CS202210140_2802
2309,1654,CS202210140_2803
2310,455,CS202210140_2804
2311,809,CS202210140_2805
2312,1592,CS202210140_2806
2313,671,CS202210140_2807
2314,1151,CS202210140_2808
2315,859,CS202210140_2809
2316,2590,CS202210140_2810
2317,44,CS202210140_2811
2318,83,CS202210140_2812
2319,133,CS202210140_2813
2320,89,CS202210140_2814
2321,149,CS202210140_2815
2322,1057,CS202210140_2816
2323,396,CS202210140_2817
2324,900,CS202210140_2818
2325,4736,CS202210140_2819
2326,250,CS202210140_2820
2327,55,CS202210140_2821
2328,80,CS202210140_2822
2329,142,CS202210140_2823
2330,104,CS202210140_2824
2331,1503,CS202210140_2825
2332,1506,CS202210140_2826
2333,1114,CS202210140_2827
2334,631,CS202210140_2828
2335,2685,CS202210140_2829
2336,792,CS202210140_2830
2337,54,CS202210140_2831
2338,29,CS202210140_2832
2339,93,CS202210140_2833
2340,69,CS202210140_2834
2341,42,CS202210140_2835
2342,803,CS202210140_2836
2343,1766,CS202210140_2837
2344,1330,CS202210140_2838
2345,76,CS202210140_2839
2346,104,CS202210140_2840
2347,125,CS202210140_2841
2348,27,CS202210140_2842
2349,1762,CS202210140_2843
2350,1472,CS202210140_2844
2351,1704,CS202210140_2845
2352,1023,CS202210140_2846
2353,62,CS202210140_2847
2354,150,CS202210140_2848
2355,225,CS202210140_2849
2356,310,CS202210140_2850
2357,62,CS202210140_2851
2358,197,CS202210140_2852
2359,46,CS202210140_2853
2360,202,CS202210140_2854
2361,395,CS202210140_2855
2362,539,CS202210140_2856
2363,136,CS202210140_2857
2364,656,CS202210140_2858
2365,90,CS202210140_2859
2366,332,CS202210140_2860
2367,75,CS202210140_2861
2368,811,CS202210140_2862
2369,888,CS202210140_2863
2370,193,CS202210140_2864
2371,312,CS202210140_2865
2372,367,CS202210140_2866
2373,342,CS202210140_2867
2374,139,CS202210140_2868
2375,38,CS202210140_2869
2376,806,CS202210140_2870
2377,766,CS202210140_2871
2378,508,CS202210140_2872
2379,277,CS202210140_2873
2380,144,CS202210140_2874
2381,697,CS202210140_2875
2382,218,CS202210140_2876
2383,640,CS202210140_2877
2384,859,CS202210140_2878
2385,730,CS202210140_2879
2386,30,CS202210140_2880
2387,823,CS202210140_2881
2388,1169,CS202210140_2882
2389,876,CS202210140_2883
2390,442,CS202210140_2884
2391,1150,CS202210140_2885
2392,1055,CS202210140_2886
2393,2459,CS202210140_2887
2394,2720,CS202210140_2888
2395,2161,CS202210140_2889
2396,773,CS202210140_2890
2397,2057,CS202210140_2891
2398,1510,CS202210140_2892
2399,1413,CS202210140_2893
2400,1762,CS202210140_2894
2401,4436,CS202210140_2895
2402,997,CS202210140_2896
2403,626,CS202210140_2897
2404,397,CS202210140_2898
2405,940,CS202210140_2899
2406,431,CS202210140_2900
2407,966,CS202210140_2901
2408,1720,CS202210140_2902
2409,534,CS202210140_2903
2410,546,CS202210140_2904
2411,896,CS202210140_2905
2412,445,CS202210140_2906
2413,882,CS202210140_2907
2414,545,CS202210140_2908
2415,76,CS202210140_2909
2416,669,CS202210140_2910
2417,138,CS202210140_2911
2418,777,CS202210140_2912
2419,298,CS202210140_2913
2420,335,CS202210140_2914
2421,349,CS202210140_2915
2422,250,CS202210140_2916
2423,518,CS202210140_2917
2424,509,CS202210140_2918
2425,210,CS202210140_2919
2426,20,CS202210140_2920
2427,56,CS202210140_2921
2428,105,CS202210140_2922
2429,49,CS202210140_2923
2430,68,CS202210140_2924
2431,72,CS202210140_2925
2432,185,CS202210140_2926
2433,112,CS202210140_2927
2434,52,CS202210140_2928
2435,85,CS202210140_2929
2436,31,CS202210140_2930
2437,94,CS202210140_2931
2438,129,CS202210140_2932
2439,79,CS202210140_2933
2440,43,CS202210140_2934
2441,124,CS202210140_2935
2442,198,CS202210140_2936
2443,187,CS202210140_2937
2444,182,CS202210140_2938
2445,177,CS202210140_2939
2446,714,CS202210140_2940
2447,1331,CS202210140_2941
2448,1144,CS202210140_2942
2449,864,CS202210140_2943
2450,1288,CS202210140_2944
2451,1489,CS202210140_2945
2452,928,CS202210140_2946
2453,1942,CS202210140_2947
2454,1021,CS202210140_2948
2455,938,CS202210140_2949
2456,936,CS202210140_2950
2457,806,CS202210140_2951
2458,667,CS202210140_2952
2459,1011,CS202210140_2953
2460,851,CS202210140_2954
2461,525,CS202210140_2955
2462,500,CS202210140_2956
2463,241,CS202210140_2957
2464,71,CS202210140_2958
2465,343,CS202210140_2959
2466,547,CS202210140_2960
2467,1059,CS202210140_2961
2468,624,CS202210140_2962
2469,443,CS202210140_2963
2470,1399,CS202210140_2964
2471,771,CS202210140_2965
2472,1185,CS202210140_2966
2473,1814,CS202210140_2967
2474,1563,CS202210140_2968
2475,2717,CS202210140_2969
2476,1602,CS202210140_2970
2477,1290,CS202210140_2971
2478,1047,CS202210140_2972
2479,837,CS202210140_2973
2480,383,CS202210140_2974
2481,936,CS202210140_2975
2482,19009,CS202210140_2976
2483,2559,CS202210140_2977
2484,1799,CS202210140_2978
2485,2350,CS202210140_2979
2486,1563,CS202210140_2980
2487,2475,CS202210140_2981
2488,1402,CS202210140_2982
2489,1977,CS202210140_2983
2490,3007,CS202210140_2984
2491,333,CS202210140_2985
2492,356,CS202210140_2986
2493,1403,CS202210140_2987
2494,600,CS202210140_2988
2495,1714,CS202210140_2989
2496,1298,CS202210140_2990
2497,1477,CS202210140_2991
2498,1541,CS202210140_2992
2499,1223,CS202210140_2993
2500,1418,CS202210140_2994
2501,646,CS202210140_2995
2502,692,CS202210140_2996
2503,461,CS202210140_2997
2504,268,CS202210140_2998
2505,775,CS202210140_2999
2506,630,CS202210140_3000
2507,1245,CS202210140_3001
2508,520,CS202210140_3002
2509,324,CS202210140_3003
2510,23,CS202210140_3004
2511,73,CS202210140_3005
2512,941,CS202210140_3006
2513,608,CS202210140_3007
2514,675,CS202210140_3008
2515,25,CS202210140_3009
2516,40,CS202210140_3010
2517,69,CS202210140_3011
2518,64,CS202210140_3012
2519,177,CS202210140_3013
2520,82,CS202210140_3014
2521,203,CS202210140_3015
2522,519,CS202210140_3016
2523,682,CS202210140_3017
2524,451,CS202210140_3018
2525,477,CS202210140_3019
2526,186,CS202210140_3020
2527,186,CS202210140_3021
2528,209,CS202210140_3022
2529,239,CS202210140_3023
2530,250,CS202210140_3024
2531,129,CS202210140_3025
2532,112,CS202210140_3026
2533,113,CS202210140_3027
2534,108,CS202210140_3028
2535,117,CS202210140_3029
2536,147,CS202210140_3030
2537,119,CS202210140_3031
2538,34,CS202210140_3032
2539,64,CS202210140_3033
2540,199,CS202210140_3034
2541,42,CS202210140_3035
2542,142,CS202210140_3036
2543,134,CS202210140_3037
2544,674,CS202210140_3038
2545,121,CS202210140_3039
2546,126,CS202210140_3040
2547,192,CS202210140_3041
2548,127,CS202210140_3042
2549,81,CS202210140_3043
2550,64,CS202210140_3044
2551,164,CS202210140_3045
2552,70,CS202210140_3046
2553,4685,CS202210140_3047
2554,4283,CS202210140_3048
2555,2492,CS202210140_3049
2556,1664,CS202210140_3050
2557,1403,CS202210140_3051
2558,2615,CS202210140_3052
2559,5446,CS202210140_3053
2560,22915,CS202210140_3054
2561,7668,CS202210140_3055
2562,11534,CS202210140_3056
2563,3183,CS202210140_3057
2564,5443,CS202210140_3058
2565,3631,CS202210140_3059
2566,20360,CS202210140_3060
2567,3885,CS202210140_3061
2568,906,CS202210140_3062
2569,1018,CS202210140_3063
2570,1599,CS202210140_3064
2571,5379,CS202210140_3065
2572,1118,CS202210140_3066
2573,1652,CS202210140_3067
2574,2289,CS202210140_3068
2575,4090,CS202210140_3069
2576,2742,CS202210140_3070
2577,2479,CS202210140_3071
2578,1097,CS202210140_3072
2579,675,CS202210140_3073
2580,1455,CS202210140_3074
2581,501,CS202210140_3075
2582,339,CS202210140_3076
2583,1455,CS202210140_3077
2584,650,CS202210140_3078
2585,1154,CS202210140_3079
2586,1916,CS202210140_3080
2587,1188,CS202210140_3081
2588,4578,CS202210140_3082
2589,15595,CS202210140_3083
2590,2107,CS202210140_3084
2591,3056,CS202210140_3085
2592,974,CS202210140_3086
2593,3677,CS202210140_3087
2594,3491,CS202210140_3088
2595,7452,CS202210140_3089
2596,3684,CS202210140_3090
2597,4018,CS202210140_3091
2598,5600,CS202210140_3092
2599,3932,CS202210140_3093
2600,5602,CS202210140_3094
2601,4727,CS202210140_3095
2602,3062,CS202210140_3096
2603,3261,CS202210140_3097
2604,2918,CS202210140_3098
2605,1907,CS202210140_3099
2606,1011,CS202210140_3100
2607,2294,CS202210140_3101
2608,2383,CS202210140_3102
2609,4538,CS202210140_3103
2610,903,CS202210140_3104
2611,2814,CS202210140_3105
2612,2140,CS202210140_3106
2613,2068,CS202210140_3107
2614,1031,CS202210140_3108
2615,2469,CS202210140_3109
2616,1855,CS202210140_3110
2617,1331,CS202210140_3111
2618,5312,CS202210140_3112
2619,2547,CS202210140_3113
2620,10613,CS202210140_3114
2621,3595,CS202210140_3115
2622,1907,CS202210140_3116
2623,2948,CS202210140_3117
2624,3268,CS202210140_3118
2625,2733,CS202210140_3119
2626,5956,CS202210140_3120
2627,5399,CS202210140_3121
2628,6013,CS202210140_3122
2629,4249,CS202210140_3123
2630,3516,CS202210140_3124
2631,3289,CS202210140_3125
2632,3187,CS202210140_3126
2633,1518,CS202210140_3127
2634,2290,CS202210140_3128
2635,1387,CS202210140_3129
2636,2831,CS202210140_3130
2637,2013,CS202210140_3131
2638,729,CS202210140_3132
2639,747,CS202210140_3133
2640,2568,CS202210140_3134
2641,1578,CS202210140_3135
2642,1227,CS202210140_3136
2643,240,CS202210140_3137
2644,884,CS202210140_3138
2645,1885,CS202210140_3139
2646,1191,CS202210140_3140
2647,1700,CS202210140_3141
2648,287,CS202210140_3142
2649,486,CS202210140_3143
2650,1803,CS202210140_3144
2651,1884,CS202210140_3145
2652,118,CS202210140_3146
2653,467,CS202210140_3147
2654,1738,CS202210140_3148
2655,1330,CS202210140_3149
2656,2010,CS202210140_3150
2657,1595,CS202210140_3151
2658,1533,CS202210140_3152
2659,2328,CS202210140_3153
2660,1387,CS202210140_3154
2661,1184,CS202210140_3155
2662,2538,CS202210140_3156
2663,649,CS202210140_3157
2664,765,CS202210140_3158
2665,498,CS202210140_3159
2666,404,CS202210140_3160
2667,367,CS202210140_3161
2668,886,CS202210140_3162
2669,540,CS202210140_3163
2670,1508,CS202210140_3164
2671,1014,CS202210140_3165
2672,1701,CS202210140_3166
2673,592,CS202210140_3167
2674,2259,CS202210140_3168
2675,2281,CS202210140_3169
2676,426,CS202210140_3170
2677,3102,CS202210140_3171
2678,1761,CS202210140_3172
2679,1384,CS202210140_3173
2680,1414,CS202210140_3174
2681,1178,CS202210140_3175
2682,1565,CS202210140_3176
2683,1507,CS202210140_3177
2684,885,CS202210140_3178
2685,1537,CS202210140_3179
2686,1186,CS202210140_3180
2687,804,CS202210140_3181
2688,1266,CS202210140_3182
2689,3785,CS202210140_3183
2690,1724,CS202210140_3184
2691,110,CS202210140_3185
2692,237,CS202210140_3186
2693,1335,CS202210140_3187
2694,1670,CS202210140_3188
2695,2373,CS202210140_3189
2696,2634,CS202210140_3190
2697,2901,CS202210140_3191
2698,113,CS202210140_3192
2699,82,CS202210140_3193
2700,56,CS202210140_3194
2701,1276,CS202210140_3195
2702,182,CS202210140_3196
2703,90,CS202210140_3197
2704,194,CS202210140_3198
2705,1222,CS202210140_3199
2706,2306,CS202210140_3200
2707,1845,CS202210140_3201
2708,2158,CS202210140_3202
2709,808,CS202210140_3203
2710,1558,CS202210140_3204
2711,639,CS202210140_3205
2712,860,CS202210140_3206
2713,2193,CS202210140_3207
2714,1360,CS202210140_3208
2715,1626,CS202210140_3209
2716,2183,CS202210140_3210
2717,276,CS202210140_3211
2718,5443,CS202210140_3212
2719,19177,CS202210140_3213
2720,67,CS202210140_3214
2721,2079,CS202210140_3215
2722,1358,CS202210140_3216
2723,1733,CS202210140_3217
2724,611,CS202210140_3218
2725,1756,CS202210140_3219
2726,420,CS202210140_3220
2727,1441,CS202210140_3221
2728,3103,CS202210140_3222
2729,1927,CS202210140_3223
2730,1909,CS202210140_3224
2731,2827,CS202210140_3225
2732,3808,CS202210140_3226
2733,4390,CS202210140_3227
2734,1759,CS202210140_3228
2735,1295,CS202210140_3229
2736,5268,CS202210140_3230
2737,1021,CS202210140_3231
2738,3571,CS202210140_3232
2739,837,CS202210140_3233
2740,723,CS202210140_3234
2741,839,CS202210140_3235
2742,2678,CS202210140_3236
2743,37,CS202210140_3237
2744,77,CS202210140_3238
2745,38,CS202210140_3239
2746,970,CS202210140_3240
2747,4298,CS202210140_3241
2748,170,CS202210140_3242
2749,5837,CS202210140_3243
2750,2158,CS202210140_3244
2751,2839,CS202210140_3245
2752,1372,CS202210140_3246
2753,93,CS202210140_3247
2754,952,CS202210140_3248
2755,762,CS202210140_3249
2756,1004,CS202210140_3250
2757,1179,CS202210140_3251
2758,2861,CS202210140_3252
2759,1839,CS202210140_3253
2760,1305,CS202210140_3254
2761,2258,CS202210140_3255
2762,1124,CS202210140_3256
2763,789,CS202210140_3257
2764,1597,CS202210140_3258
2765,1254,CS202210140_3259
2766,2432,CS202210140_3260
2767,1414,CS202210140_3261
2768,1587,CS202210140_3262
2769,4813,CS202210140_3263
2770,3295,CS202210140_3264
2771,2847,CS202210140_3265
2772,3580,CS202210140_3266
2773,9588,CS202210140_3267
2774,534,CS202210140_3268
2775,3830,CS202210140_3269
2776,11163,CS202210140_3270
2777,12358,CS202210140_3271
2778,26989,CS202210140_3272
2779,3923,CS202210140_3273
2780,1783,CS202210140_3274
2781,2750,CS202210140_3275
2782,2410,CS202210140_3276
2783,1441,CS202210140_3277
2784,2556,CS202210140_3278
2785,1961,CS202210140_3279
2786,820,CS202210140_3280
2787,78,CS202210140_3281
2788,414,CS202210140_3282
2789,552,CS202210140_3283
2790,171,CS202210140_3284
2791,320,CS202210140_3285
2792,269,CS202210140_3286
2793,180,CS202210140_3287
2794,349,CS202210140_3288
2795,132,CS202210140_3289
2796,176,CS202210140_3290
2797,515,CS202210140_3291
2798,111,CS202210140_3292
2799,775,CS202210140_3293
2800,711,CS202210140_3294
2801,823,CS202210140_3295
2802,844,CS202210140_3296
2803,316,CS202210140_3297
2804,361,CS202210140_3298
2805,85,CS202210140_3299
2806,268,CS202210140_3300
2807,40,CS202210140_3301
2808,21,CS202210140_3302
2809,523,CS202210140_3303
2810,4126,CS202210140_3304
2811,1195,CS202210140_3305
2812,1428,CS202210140_3306
2813,589,CS202210140_3307
2814,617,CS202210140_3308
2815,371,CS202210140_3309
2816,299,CS202210140_3310
2817,716,CS202210140_3311
2818,519,CS202210140_3312
2819,1059,CS202210140_3313
2820,1646,CS202210140_3314
2821,2910,CS202210140_3315
2822,164,CS202210140_3316
2823,494,CS202210140_3317
2824,603,CS202210140_3318
2825,522,CS202210140_3319
2826,577,CS202210140_3320
2827,653,CS202210140_3321
2828,663,CS202210140_3322
2829,602,CS202210140_3323
2830,777,CS202210140_3324
2831,62,CS202210140_3325
2832,69,CS202210140_3326
2833,18,CS202210140_3327
2834,32,CS202210140_3328
2835,236,CS202210140_3329
2836,726,CS202210140_3330
2837,89,CS202210140_3331
2838,185,CS202210140_3332
2839,355,CS202210140_3333
2840,168,CS202210140_3334
2841,375,CS202210140_3335
2842,310,CS202210140_3336
2843,271,CS202210140_3337
2844,100,CS202210140_3338
2845,323,CS202210140_3339
2846,447,CS202210140_3340
2847,654,CS202210140_3341
2848,1871,CS202210140_3342
2849,292,CS202210140_3343
2850,334,CS202210140_3344
2851,301,CS202210140_3345
2852,206,CS202210140_3346
2853,129,CS202210140_3347
2854,431,CS202210140_3348
2855,280,CS202210140_3349
2856,472,CS202210140_3350
2857,489,CS202210140_3351
2858,721,CS202210140_3352
2859,181,CS202210140_3353
2860,201,CS202210140_3354
2861,708,CS202210140_3355
2862,609,CS202210140_3356
2863,350,CS202210140_3357
2864,449,CS202210140_3358
2865,570,CS202210140_3359
2866,2089,CS202210140_3360
2867,654,CS202210140_3361
2868,1202,CS202210140_3362
2869,1306,CS202210140_3363
2870,1229,CS202210140_3364
2871,1004,CS202210140_3365
2872,931,CS202210140_3366
2873,1751,CS202210140_3367
2874,1661,CS202210140_3368
2875,791,CS202210140_3369
2876,1366,CS202210140_3370
2877,643,CS202210140_3371
2878,257,CS202210140_3372
2879,309,CS202210140_3373
2880,70,CS202210140_3374
2881,51,CS202210140_3375
2882,148,CS202210140_3376
2883,222,CS202210140_3377
2884,198,CS202210140_3378
2885,576,CS202210140_3379
2886,482,CS202210140_3380
2887,604,CS202210140_3381
2888,397,CS202210140_3382
2889,773,CS202210140_3383
2890,628,CS202210140_3384
2891,80,CS202210140_3385
2892,1376,CS202210140_3386
2893,830,CS202210140_3387
2894,950,CS202210140_3388
2895,713,CS202210140_3389
2896,1261,CS202210140_3390
2897,1053,CS202210140_3391
2898,1202,CS202210140_3392
2899,1011,CS202210140_3393
2900,1349,CS202210140_3394
2901,1501,CS202210140_3395
2902,676,CS202210140_3396
2903,52,CS202210140_3397
2904,219,CS202210140_3398
2905,3458,CS202210140_3399
2906,1893,CS202210140_3400
2907,983,CS202210140_3401
2908,340,CS202210140_3402
2909,99,CS202210140_3403
2910,175,CS202210140_3404
2911,150,CS202210140_3405
2912,303,CS202210140_3406
2913,117,CS202210140_3407
2914,69,CS202210140_3408
2915,512,CS202210140_3409
2916,295,CS202210140_3410
2917,1833,CS202210140_3411
2918,963,CS202210140_3412
2919,361,CS202210140_3413
2920,441,CS202210140_3414
2921,362,CS202210140_3415
2922,130,CS202210140_3416
2923,157,CS202210140_3417
2924,107,CS202210140_3418
2925,75,CS202210140_3419
2926,188,CS202210140_3420
2927,138,CS202210140_3421
2928,75,CS202210140_3422
2929,59,CS202210140_3423
2930,143,CS202210140_3424
2931,99,CS202210140_3425
2932,144,CS202210140_3426
2933,150,CS202210140_3427
2934,103,CS202210140_3428
2935,188,CS202210140_3429
2936,297,CS202210140_3430
2937,187,CS202210140_3431
2938,237,CS202210140_3432
2939,272,CS202210140_3433
2940,102,CS202210140_3434
2941,330,CS202210140_3435
2942,206,CS202210140_3436
2943,263,CS202210140_3437
2944,258,CS202210140_3438
2945,69,CS202210140_3439
2946,451,CS202210140_3440
2947,299,CS202210140_3441
2948,352,CS202210140_3442
2949,435,CS202210140_3443
2950,354,CS202210140_3444
2951,495,CS202210140_3445
2952,83,CS202210140_3446
2953,169,CS202210140_3447
2954,350,CS202210140_3448
2955,506,CS202210140_3449
2956,1209,CS202210140_3450
2957,450,CS202210140_3451
2958,327,CS202210140_3452
2959,316,CS202210140_3453
2960,346,CS202210140_3454
2961,359,CS202210140_3455
2962,155,CS202210140_3456
2963,311,CS202210140_3457
2964,106,CS202210140_3458
2965,97,CS202210140_3459
2966,191,CS202210140_3460
2967,221,CS202210140_3461
2968,473,CS202210140_3462
2969,105,CS202210140_3463
2970,290,CS202210140_3464
2971,218,CS202210140_3465
2972,247,CS202210140_3466
2973,274,CS202210140_3467
2974,436,CS202210140_3468
2975,346,CS202210140_3469
2976,545,CS202210140_3470
2977,640,CS202210140_3471
2978,294,CS202210140_3472
2979,204,CS202210140_3473
2980,357,CS202210140_3474
2981,227,CS202210140_3475
2982,145,CS202210140_3476
2983,310,CS202210140_3477
2984,228,CS202210140_3478
2985,227,CS202210140_3479
2986,412,CS202210140_3480
2987,70,CS202210140_3481
2988,233,CS202210140_3482
2989,400,CS202210140_3483
2990,59,CS202210140_3484
2991,130,CS202210140_3485
2992,182,CS202210140_3486
2993,147,CS202210140_3487
2994,241,CS202210140_3488
2995,144,CS202210140_3489
2996,1803,CS202210140_3490
2997,822,CS202210140_3491
2998,419,CS202210140_3492
2999,43511,CS202210140_3493
3000,6973,CS202210140_3494
3001,33798,CS202210140_3495
3002,21134,CS202210140_3496
3003,18046,CS202210140_3497
3004,44586,CS202210140_3498
3005,17273,CS202210140_3499
3006,417,CS202210140_3500
3007,281,CS202210140_3501
3008,271,CS202210140_3502
3009,368,CS202210140_3503
3010,250,CS202210140_3504
3011,664,CS202210140_3505
3012,994,CS202210140_3506
3013,3255,CS202210140_3507
3014,1262,CS202210140_3508
3015,48,CS202210140_3509
3016,927,CS202210140_3510
3017,456,CS202210140_3511
3018,88,CS202210140_3512
3019,719,CS202210140_3513
3020,61948,CS202210140_3514
3021,25820,CS202210140_3515
3022,21557,CS202210140_3516
3023,121601,CS202210140_3517
3024,34393,CS202210140_3518
3025,26223,CS202210140_3519
3026,3236,CS202210140_3520
3027,81,CS202210140_3521
3028,35,CS202210140_3522
3029,62,CS202210140_3523
3030,206,CS202210140_3524
3031,134,CS202210140_3525
3032,393,CS202210140_3526
3033,10,CS202210140_3527
3034,46,CS202210140_3528
3035,244,CS202210140_3529
3036,225,CS202210140_3530
3037,101,CS202210140_3531
3038,216,CS202210140_3532
3039,1924,CS202210140_3533
3040,8010,CS202210140_3534
3041,17249,CS202210140_3535
3042,6716,CS202210140_3536
3043,21124,CS202210140_3537
3044,26286,CS202210140_3538
3045,11265,CS202210140_3539
3046,10588,CS202210140_3540
3047,100,CS202210140_3541
3048,121,CS202210140_3542
3049,234,CS202210140_3543
3050,398,CS202210140_3544
3051,76,CS202210140_3545
3052,38,CS202210140_3546
3053,270,CS202210140_3547
3054,493,CS202210140_3548
3055,98,CS202210140_3549
3056,702,CS202210140_3550
3057,42,CS202210140_3551
3058,8041,CS202210140_3552
3059,537,CS202210140_3553
3060,680,CS202210140_3554
3061,772,CS202210140_3555
3062,460,CS202210140_3556
3063,1010,CS202210140_3557
3064,603,CS202210140_3558
3065,7569,CS202210140_3559
3066,2303,CS202210140_3560
3067,238,CS202210140_3561
3068,6942,CS202210140_3562
3069,4999,CS202210140_3563
3070,3674,CS202210140_3564
3071,5054,CS202210140_3565
3072,2156,CS202210140_3566
3073,235,CS202210140_3567
3074,453,CS202210140_3568
3075,127,CS202210140_3569
3076,106,CS202210140_3570
3077,295,CS202210140_3571
3078,215,CS202210140_3572
3079,295,CS202210140_3573
3080,2578,CS202210140_3574
3081,1126,CS202210140_3575
3082,814,CS202210140_3576
3083,1162,CS202210140_3577
3084,327,CS202210140_3578
3085,22704,CS202210140_3579
3086,2780,CS202210140_3580
3087,18106,CS202210140_3581
3088,1096,CS202210140_3582
3089,1534,CS202210140_3583
3090,1309,CS202210140_3584
3091,864,CS202210140_3585
3092,20,CS202210140_3586
3093,2147,CS202210140_3587
3094,1297,CS202210140_3588
3095,1842,CS202210140_3589
3096,1138,CS202210140_3590
3097,3484,CS202210140_3591
3098,1281,CS202210140_3592
3099,757,CS202210140_3593
3100,1732,CS202210140_3594
3101,279,CS202210140_3595
3102,1344,CS202210140_3596
3103,394,CS202210140_3597
3104,291,CS202210140_3598
3105,6995,CS202210140_3599
3106,3476,CS202210140_3600
3107,519,CS202210140_3601
3108,878,CS202210140_3602
3109,1293,CS202210140_3603
3110,73,CS202210140_3604
3111,45,CS202210140_3605
3112,184,CS202210140_3606
3113,447,CS202210140_3607
3114,453,CS202210140_3608
3115,281,CS202210140_3609
3116,714,CS202210140_3610
3117,2145,CS202210140_3611
3118,211,CS202210140_3612
3119,1195,CS202210140_3613
3120,2677,CS202210140_3614
3121,2320,CS202210140_3615
3122,1674,CS202210140_3616
3123,5386,CS202210140_3617
3124,2067,CS202210140_3618
3125,7941,CS202210140_3619
3126,2096,CS202210140_3620
3127,1956,CS202210140_3621
3128,768,CS202210140_3622
3129,62,CS202210140_3623
3130,26,CS202210140_3624
3131,102,CS202210140_3625
3132,58,CS202210140_3626
3133,105,CS202210140_3627
3134,90,CS202210140_3628
3135,289,CS202210140_3629
3136,64,CS202210140_3630
3137,167,CS202210140_3631
3138,56,CS202210140_3632
3139,133,CS202210140_3633
3140,80,CS202210140_3634
3141,200,CS202210140_3635
3142,170,CS202210140_3636
3143,148,CS202210140_3637
3144,133,CS202210140_3638
3145,92,CS202210140_3639
3146,82,CS202210140_3640
3147,131,CS202210140_3641
3148,65,CS202210140_3642
3149,355,CS202210140_3643
3150,84,CS202210140_3644
3151,44,CS202210140_3645
3152,73,CS202210140_3646
3153,146,CS202210140_3647
3154,47,CS202210140_3648
3155,27,CS202210140_3649
3156,693,CS202210140_3650
3157,201,CS202210140_3651
3158,187,CS202210140_3652
3159,122,CS202210140_3653
3160,181,CS202210140_3654
3161,114,CS202210140_3655
3162,98,CS202210140_3656
3163,205,CS202210140_3657
3164,36,CS202210140_3658
3165,255,CS202210140_3659
3166,186,CS202210140_3660
3167,136,CS202210140_3661
3168,137,CS202210140_3662
3169,121,CS202210140_3663
3170,166,CS202210140_3664
3171,100,CS202210140_3665
3172,17,CS202210140_3666
3173,41,CS202210140_3667
3174,789,CS202210140_3668
3175,91,CS202210140_3669
3176,479,CS202210140_3670
3177,133,CS202210140_3671
3178,294,CS202210140_3672
3179,271,CS202210140_3673
3180,39,CS202210140_3674
3181,763,CS202210140_3675
3182,739,CS202210140_3676
3183,327,CS202210140_3677
3184,719,CS202210140_3678
3185,495,CS202210140_3679
3186,243,CS202210140_3680
3187,1347,CS202210140_3681
3188,305,CS202210140_3682
3189,317,CS202210140_3683
3190,66,CS202210140_3684
3191,130,CS202210140_3685
3192,39,CS202210140_3686
3193,40,CS202210140_3687
3194,22,CS202210140_3688
3195,19,CS202210140_3689
3196,51,CS202210140_3690
3197,73,CS202210140_3691
3198,35,CS202210140_3692
3199,64,CS202210140_3693
3200,128,CS202210140_3694
3201,107,CS202210140_3695
3202,130,CS202210140_3696
3203,250,CS202210140_3697
3204,521,CS202210140_3698
3205,467,CS202210140_3699
3206,1107,CS202210140_3700
3207,375,CS202210140_3701
3208,276,CS202210140_3702
3209,282,CS202210140_3703
3210,302,CS202210140_3704
3211,75,CS202210140_3705
3212,216,CS202210140_3706
3213,171,CS202210140_3707
3214,36,CS202210140_3708
3215,65,CS202210140_3709
3216,34,CS202210140_3710
3217,139,CS202210140_3711
3218,25,CS202210140_3712
3219,72,CS202210140_3713
3220,99,CS202210140_3714
3221,128,CS202210140_3715
3222,127,CS202210140_3716
3223,162,CS202210140_3717
3224,279,CS202210140_3718
3225,181,CS202210140_3719
3226,108,CS202210140_3720
3227,115,CS202210140_3721
3228,90,CS202210140_3722
3229,326,CS202210140_3723
3230,324,CS202210140_3724
3231,625,CS202210140_3725
3232,244,CS202210140_3726
3233,234,CS202210140_3727
3234,1124,CS202210140_3728
3235,732,CS202210140_3729
3236,54,CS202210140_3730
3237,30,CS202210140_3731
3238,80,CS202210140_3732
3239,152,CS202210140_3733
3240,216,CS202210140_3734
3241,269,CS202210140_3735
3242,225,CS202210140_3736
3243,262,CS202210140_3737
3244,750,CS202210140_3738
3245,1252,CS202210140_3739
3246,584,CS202210140_3740
3247,1864,CS202210140_3741
3248,192,CS202210140_3742
3249,116,CS202210140_3743
3250,269,CS202210140_3744
3251,108,CS202210140_3745
3252,396,CS202210140_3746
3253,613,CS202210140_3747
3254,756,CS202210140_3748
3255,132,CS202210140_3749
3256,63,CS202210140_3750
3257,147,CS202210140_3751
3258,209,CS202210140_3752
3259,181,CS202210140_3753
3260,172,CS202210140_3754
3261,97,CS202210140_3755
3262,51,CS202210140_3756
3263,360,CS202210140_3757
3264,2006,CS202210140_3758
3265,923,CS202210140_3759
3266,55,CS202210140_3760
3267,144,CS202210140_3761
3268,470,CS202210140_3762
3269,131,CS202210140_3763
3270,264,CS202210140_3764
3271,229,CS202210140_3765
3272,272,CS202210140_3766
3273,623,CS202210140_3767
3274,390,CS202210140_3768
3275,707,CS202210140_3769
3276,2231,CS202210140_3770
3277,3570,CS202210140_3771
3278,1699,CS202210140_3772
3279,2498,CS202210140_3773
3280,29028,CS202210140_3774
3281,16707,CS202210140_3775
3282,3207,CS202210140_3776
3283,1218,CS202210140_3777
3284,1626,CS202210140_3778
3285,3571,CS202210140_3779
3286,4534,CS202210140_3780
3287,5044,CS202210140_3781
3288,3552,CS202210140_3782
3289,2667,CS202210140_3783
3290,3335,CS202210140_3784
3291,471,CS202210140_3785
3292,306,CS202210140_3786
3293,105,CS202210140_3787
3294,105,CS202210140_3788
3295,129,CS202210140_3789
3296,153,CS202210140_3790
3297,116,CS202210140_3791
3298,39,CS202210140_3792
3299,35,CS202210140_3793
3300,896,CS202210140_3794
3301,435,CS202210140_3795
3302,211,CS202210140_3796
3303,334,CS202210140_3797
3304,285,CS202210140_3798
3305,113,CS202210140_3799
3306,126,CS202210140_3800
3307,141,CS202210140_3801
3308,140,CS202210140_3802
3309,138,CS202210140_3803
3310,85,CS202210140_3804
3311,93,CS202210140_3805
3312,74,CS202210140_3806
